epoch,loss,accuracy,precision,recall,f_score,false_positive_rate,mean_risk_malicious,mean_risk_benign,baseline
9,0.6173845712343852,0.8733333333333333,0.8907563025210085,0.7066666666666667,0.7881040892193308,0.043333333333333335,0.675834059715271,0.3748948574066162,LR-Trust
18,0.47354499499003094,0.8888888888888888,0.890625,0.76,0.8201438848920863,0.04666666666666667,0.7596773505210876,0.3079012632369995,LR-Trust
27,0.40576064242257015,0.9088888888888889,0.9097744360902256,0.8066666666666666,0.8551236749116607,0.04,0.7958967089653015,0.2642463147640228,LR-Trust
36,0.36777912934621176,0.9177777777777778,0.9064748201438849,0.84,0.8719723183391004,0.043333333333333335,0.8182452321052551,0.23865938186645508,LR-Trust
45,0.34392505486806235,0.92,0.9071428571428571,0.8466666666666667,0.8758620689655173,0.043333333333333335,0.8305127620697021,0.21868278086185455,LR-Trust
54,0.3284829808606042,0.9155555555555556,0.8943661971830986,0.8466666666666667,0.8698630136986302,0.05,0.8387914299964905,0.2055467814207077,LR-Trust
63,0.31435372140672474,0.9155555555555556,0.8888888888888888,0.8533333333333334,0.8707482993197277,0.05333333333333334,0.8457449078559875,0.19212649762630463,LR-Trust
72,0.30345164736111957,0.9155555555555556,0.8888888888888888,0.8533333333333334,0.8707482993197277,0.05333333333333334,0.8517055511474609,0.18184535205364227,LR-Trust
81,0.2950322845247057,0.9155555555555556,0.8888888888888888,0.8533333333333334,0.8707482993197277,0.05333333333333334,0.8559714555740356,0.1730032116174698,LR-Trust
90,0.28803694857491385,0.9177777777777778,0.8951048951048951,0.8533333333333334,0.8737201365187713,0.05,0.8585071563720703,0.16477371752262115,LR-Trust
99,0.2830457072787815,0.9177777777777778,0.8951048951048951,0.8533333333333334,0.8737201365187713,0.05,0.860001802444458,0.1590709686279297,LR-Trust
108,0.27808311743868724,0.9177777777777778,0.8951048951048951,0.8533333333333334,0.8737201365187713,0.05,0.8643575310707092,0.15480677783489227,LR-Trust
117,0.2743835298220317,0.92,0.8958333333333334,0.86,0.8775510204081632,0.05,0.8654986619949341,0.14967292547225952,LR-Trust
126,0.2711062775717841,0.9222222222222223,0.9020979020979021,0.86,0.8805460750853243,0.04666666666666667,0.8666237592697144,0.14527325332164764,LR-Trust
135,0.26821767237451344,0.9222222222222223,0.9020979020979021,0.86,0.8805460750853243,0.04666666666666667,0.8688869476318359,0.14235322177410126,LR-Trust
144,0.26535650571187336,0.9244444444444444,0.9027777777777778,0.8666666666666667,0.8843537414965987,0.04666666666666667,0.8744954466819763,0.14287477731704712,LR-Trust
153,0.26279709657033284,0.9288888888888889,0.9041095890410958,0.88,0.8918918918918919,0.04666666666666667,0.8765061497688293,0.1405474841594696,LR-Trust
162,0.2609043237898085,0.9288888888888889,0.9041095890410958,0.88,0.8918918918918919,0.04666666666666667,0.8765899538993835,0.13863106071949005,LR-Trust
171,0.2590490942158633,0.9288888888888889,0.9041095890410958,0.88,0.8918918918918919,0.04666666666666667,0.8755655884742737,0.13511179387569427,LR-Trust
180,0.25711358891593084,0.9288888888888889,0.9041095890410958,0.88,0.8918918918918919,0.04666666666666667,0.875723659992218,0.13243724405765533,LR-Trust
9,0.17071237246195475,0.9555555555555556,0.90625,0.9666666666666667,0.9354838709677419,0.05,0.917751669883728,0.06726904213428497,MLP-Trust
18,0.09795986811319987,0.9688888888888889,0.9415584415584416,0.9666666666666667,0.9539473684210527,0.03,0.9512641429901123,0.04301260784268379,MLP-Trust
27,0.05594635852922996,0.9866666666666667,0.9675324675324676,0.9933333333333333,0.9802631578947368,0.016666666666666666,0.97763592004776,0.030126994475722313,MLP-Trust
36,0.03036368836920398,0.9955555555555555,0.9933333333333333,0.9933333333333333,0.9933333333333333,0.0033333333333333335,0.9830483198165894,0.01621951535344124,MLP-Trust
45,0.021214444637298584,0.9955555555555555,0.9933333333333333,0.9933333333333333,0.9933333333333333,0.0033333333333333335,0.9875492453575134,0.010175356641411781,MLP-Trust
54,0.016086618767844306,0.9977777777777778,1.0,0.9933333333333333,0.9966555183946488,0.0,0.9890943169593811,0.007816645316779613,MLP-Trust
63,0.014061677389674716,0.9955555555555555,0.9933333333333333,0.9933333333333333,0.9933333333333333,0.0033333333333333335,0.9903905987739563,0.004703666549175978,MLP-Trust
72,0.00782201733854082,1.0,1.0,1.0,1.0,0.0,0.9953365325927734,0.004510622937232256,MLP-Trust
81,0.016508603204209875,0.9977777777777778,0.9933774834437086,1.0,0.9966777408637874,0.0033333333333333335,0.9978421926498413,0.007938631810247898,MLP-Trust
90,0.005262865664230453,1.0,1.0,1.0,1.0,0.0,0.9972847700119019,0.0033095418475568295,MLP-Trust
99,0.003811529991103776,1.0,1.0,1.0,1.0,0.0,0.9972916841506958,0.0021784771233797073,MLP-Trust
108,0.003235039677367442,1.0,1.0,1.0,1.0,0.0,0.997998058795929,0.0019588852301239967,MLP-Trust
117,0.0027429133386880898,1.0,1.0,1.0,1.0,0.0,0.9985451102256775,0.0018136436119675636,MLP-Trust
126,0.002006676418499814,1.0,1.0,1.0,1.0,0.0,0.9984667897224426,0.0011413098545745015,MLP-Trust
135,0.0017643019515607092,1.0,1.0,1.0,1.0,0.0,0.9989994168281555,0.0011830028379336,MLP-Trust
144,0.0012198415108852917,1.0,1.0,1.0,1.0,0.0,0.9990456104278564,0.0007680731359869242,MLP-Trust
153,0.0010197146733601887,1.0,1.0,1.0,1.0,0.0,0.999207079410553,0.0006127586239017546,MLP-Trust
162,0.0008750259842620128,1.0,1.0,1.0,1.0,0.0,0.9994097948074341,0.0005695682484656572,MLP-Trust
171,0.0006762041168339137,1.0,1.0,1.0,1.0,0.0,0.9995317459106445,0.0004853436257690191,MLP-Trust
180,0.0006283888862449455,1.0,1.0,1.0,1.0,0.0,0.9995526075363159,0.00034437442081980407,MLP-Trust
