epoch,loss,accuracy,precision,recall,f_score,false_positive_rate,mean_risk_malicious,mean_risk_benign
0,,0.6666666666666666,0.0,0.0,0.0,0.0,0.46587371826171875,0.4416273534297943
9,0.21984595113330418,0.96,0.9125,0.9733333333333334,0.9419354838709678,0.04666666666666667,0.938732922077179,0.06771834194660187
18,0.11377377755112118,0.98,0.9490445859872612,0.9933333333333333,0.9706840390879479,0.02666666666666667,0.979574978351593,0.04779459536075592
27,0.06526975637508763,0.9933333333333333,0.9932885906040269,0.9866666666666667,0.9899665551839465,0.0033333333333333335,0.9746203422546387,0.01725981943309307
36,0.045307527174138364,0.9955555555555555,0.9933333333333333,0.9933333333333333,0.9933333333333333,0.0033333333333333335,0.9857161641120911,0.01239770743995905
45,0.03315641447901726,0.9977777777777778,0.9933774834437086,1.0,0.9966777408637874,0.0033333333333333335,0.9919570088386536,0.010806884616613388
54,0.02676650125391057,1.0,1.0,1.0,1.0,0.0,0.9925546050071716,0.007114020176231861
63,0.019022837709247446,1.0,1.0,1.0,1.0,0.0,0.9940832257270813,0.005029008258134127
72,0.015394277233216498,1.0,1.0,1.0,1.0,0.0,0.9960722923278809,0.004388382658362389
81,0.011364885055356556,1.0,1.0,1.0,1.0,0.0,0.9968233108520508,0.0030394417699426413
90,0.011637260152233972,1.0,1.0,1.0,1.0,0.0,0.9981189966201782,0.0034826742485165596
99,0.00712724152544979,1.0,1.0,1.0,1.0,0.0,0.9984076023101807,0.0019858868326991796
108,0.005552347275531954,1.0,1.0,1.0,1.0,0.0,0.9984175562858582,0.0011820817599073052
117,0.008440001233377391,1.0,1.0,1.0,1.0,0.0,0.9989481568336487,0.0012716695200651884
126,0.003737927120592859,1.0,1.0,1.0,1.0,0.0,0.9990389943122864,0.0007947170524857938
135,0.007259264998137951,0.9977777777777778,0.9933774834437086,1.0,0.9966777408637874,0.0033333333333333335,0.9997997879981995,0.007140942383557558
144,0.004068793505430221,1.0,1.0,1.0,1.0,0.0,0.999243974685669,0.0006409200723282993
153,0.002282542824331257,1.0,1.0,1.0,1.0,0.0,0.9995216131210327,0.0005110048805363476
162,0.002263323065514366,1.0,1.0,1.0,1.0,0.0,0.9995788335800171,0.00044601212721318007
171,0.0018087493696819163,1.0,1.0,1.0,1.0,0.0,0.9996464252471924,0.00035262675373815
180,0.0024771019278301133,1.0,1.0,1.0,1.0,0.0,0.9996923804283142,0.00041993160266429186
