time_s,node_id,x_m,y_m,is_malicious,attack_type,attack_active,tx_packets,rx_packets,dropped_packets,path_deviation_m,energy_ratio,task_assigned,task_completed
10.0000,0,8217.7457,1473.7745,1,constant,1,0,0,1,7.5000,0.9820,1,1
10.0000,1,6645.0347,8083.7329,0,benign,0,0,0,0,1.4000,0.9920,1,1
10.0000,2,4975.0069,5808.8989,0,benign,0,0,0,0,1.6000,0.9920,1,1
10.0000,3,7243.2958,7895.0511,1,constant,1,0,0,1,9.9000,0.9820,1,0
10.0000,4,5520.0451,8828.9533,0,benign,0,0,0,0,1.4000,0.9920,1,1
10.0000,5,1703.6123,3254.3709,1,on-off,0,0,0,0,1.6000,0.9920,1,1
10.0000,6,6745.0647,9371.6580,0,benign,0,0,0,0,1.2000,0.9920,1,1
10.0000,7,7586.1184,869.4638,0,benign,0,0,0,0,1.4000,0.9920,1,1
10.0000,8,2004.3380,3019.3364,1,on-off,0,0,0,0,1.6000,0.9920,1,1
10.0000,9,2607.6287,709.7395,1,constant,1,0,0,1,10.7000,0.9820,1,0
10.0000,10,2922.8869,8970.3505,0,benign,0,0,0,0,1.4000,0.9920,1,1
10.0000,11,1520.0624,2362.1405,0,benign,0,0,0,0,1.6000,0.9920,1,1
10.0000,12,7737.9329,6696.1177,0,benign,0,0,0,0,1.2000,0.9920,1,1
10.0000,13,9727.9570,2351.0920,0,benign,0,0,0,0,1.4000,0.9920,1,1
10.0000,14,6584.2000,1241.3534,0,benign,0,0,0,0,1.6000,0.9920,1,1
20.0000,0,8229.7240,1558.0640,1,constant,1,0,0,2,15.0000,0.9640,2,2
20.0000,1,6588.5226,8171.5174,0,benign,0,0,0,0,2.8000,0.9840,2,2
20.0000,2,4952.9422,5843.9153,0,benign,0,0,0,0,3.2000,0.9840,2,2
20.0000,3,7225.9910,7761.7506,1,constant,1,0,0,2,19.8000,0.9640,2,0
20.0000,4,5502.8980,8788.7060,0,benign,0,0,0,0,2.8000,0.9840,2,2
20.0000,5,1710.9514,3303.7421,1,on-off,0,0,0,0,3.2000,0.9840,2,2
20.0000,6,6790.6582,9277.1605,0,benign,0,0,0,0,2.4000,0.9840,2,2
20.0000,7,7596.9861,898.0224,0,benign,0,0,0,0,2.8000,0.9840,2,2
20.0000,8,2068.7347,3072.0766,1,on-off,0,0,0,0,3.2000,0.9840,2,2
20.0000,9,2607.2221,845.8979,1,constant,1,0,0,2,21.4000,0.9640,2,0
20.0000,10,2967.2505,8891.3491,0,benign,0,0,0,0,2.8000,0.9840,2,2
20.0000,11,1552.5928,2415.2357,0,benign,0,0,0,0,3.2000,0.9840,2,2
20.0000,12,7696.7677,6583.8477,0,benign,0,0,0,0,2.4000,0.9840,2,2
20.0000,13,9595.3265,2394.1577,0,benign,0,0,0,0,2.8000,0.9840,2,2
20.0000,14,6501.4042,1317.5391,0,benign,0,0,0,0,3.2000,0.9840,2,2
30.0000,0,8241.7022,1642.3534,1,constant,1,0,0,3,22.5000,0.9460,3,3
30.0000,1,6532.0106,8259.3018,0,benign,0,0,0,0,4.2000,0.9760,3,3
30.0000,2,4930.8775,5878.9316,0,benign,0,0,0,0,4.8000,0.9760,3,3
30.0000,3,7208.6863,7628.4500,1,constant,1,0,0,3,29.7000,0.9460,3,0
30.0000,4,5485.7509,8748.4588,0,benign,0,0,0,0,4.2000,0.9760,3,3
30.0000,5,1718.2906,3353.1133,1,on-off,0,0,0,0,4.8000,0.9760,3,3
30.0000,6,6836.2517,9182.6631,0,benign,0,0,0,0,3.6000,0.9760,3,3
30.0000,7,7607.8537,926.5809,0,benign,0,0,0,0,4.2000,0.9760,3,3
30.0000,8,2133.1313,3124.8168,1,on-off,0,0,0,0,4.8000,0.9760,3,3
30.0000,9,2606.8154,982.0564,1,constant,1,0,0,3,32.1000,0.9460,3,0
30.0000,10,3011.6141,8812.3477,0,benign,0,0,0,0,4.2000,0.9760,3,3
30.0000,11,1585.1232,2468.3310,0,benign,0,0,0,0,4.8000,0.9760,3,3
30.0000,12,7655.6024,6471.5776,0,benign,0,0,0,0,3.6000,0.9760,3,3
30.0000,13,9462.6960,2437.2233,0,benign,0,0,0,0,4.2000,0.9760,3,3
30.0000,14,6418.6084,1393.7249,0,benign,0,0,0,0,4.8000,0.9760,3,3
40.0000,0,8253.6805,1726.6429,1,constant,1,0,0,4,30.0000,0.9280,4,4
40.0000,1,6475.4985,8347.0862,0,benign,0,0,0,0,5.6000,0.9680,4,4
40.0000,2,4908.8128,5913.9480,0,benign,0,0,0,0,6.4000,0.9680,4,4
40.0000,3,7191.3815,7495.1495,1,constant,1,0,0,4,39.6000,0.9280,4,0
40.0000,4,5468.6038,8708.2116,0,benign,0,0,0,0,5.6000,0.9680,4,4
40.0000,5,1725.6297,3402.4845,1,on-off,0,0,0,0,6.4000,0.9680,4,4
40.0000,6,6881.8452,9088.1657,0,benign,0,0,0,0,4.8000,0.9680,4,4
40.0000,7,7618.7214,955.1395,0,benign,0,0,0,0,5.6000,0.9680,4,4
40.0000,8,2197.5280,3177.5571,1,on-off,0,0,0,0,6.4000,0.9680,4,4
40.0000,9,2606.4088,1118.2148,1,constant,1,0,0,4,42.8000,0.9280,4,0
40.0000,10,3055.9777,8733.3464,0,benign,0,0,0,0,5.6000,0.9680,4,4
40.0000,11,1617.6536,2521.4262,0,benign,0,0,0,0,6.4000,0.9680,4,4
40.0000,12,7614.4372,6359.3076,0,benign,0,0,0,0,4.8000,0.9680,4,4
40.0000,13,9330.0655,2480.2890,0,benign,0,0,0,0,5.6000,0.9680,4,4
40.0000,14,6335.8127,1469.9106,0,benign,0,0,0,0,6.4000,0.9680,4,4
50.0000,0,8265.6587,1810.9324,1,constant,1,0,0,5,37.5000,0.9100,5,5
50.0000,1,6418.9865,8434.8706,0,benign,0,0,0,0,7.0000,0.9600,5,5
50.0000,2,4886.7481,5948.9644,0,benign,0,0,0,0,8.0000,0.9600,5,5
50.0000,3,7174.0767,7361.8490,1,constant,1,0,0,5,49.5000,0.9100,5,0
50.0000,4,5451.4567,8667.9643,0,benign,0,0,0,0,7.0000,0.9600,5,5
50.0000,5,1732.9689,3451.8556,1,on-off,0,0,0,0,8.0000,0.9600,5,5
50.0000,6,6927.4387,8993.6682,0,benign,0,0,0,0,6.0000,0.9600,5,5
50.0000,7,7629.5890,983.6980,0,benign,0,0,0,0,7.0000,0.9600,5,5
50.0000,8,2261.9247,3230.2973,1,on-off,0,0,0,0,8.0000,0.9600,5,5
50.0000,9,2606.0022,1254.3733,1,constant,1,0,0,5,53.5000,0.9100,5,0
50.0000,10,3100.3413,8654.3450,0,benign,0,0,0,0,7.0000,0.9600,5,5
50.0000,11,1650.1840,2574.5215,0,benign,0,0,0,0,8.0000,0.9600,5,5
50.0000,12,7573.2720,6247.0376,0,benign,0,0,0,0,6.0000,0.9600,5,5
50.0000,13,9197.4349,2523.3547,0,benign,0,0,0,0,7.0000,0.9600,5,5
50.0000,14,6253.0169,1546.0964,0,benign,0,0,0,0,8.0000,0.9600,5,5
60.0000,0,8277.6370,1895.2218,1,constant,1,0,0,6,45.0000,0.8920,6,6
60.0000,1,6362.4744,8522.6550,0,benign,0,0,0,0,8.4000,0.9520,6,6
60.0000,2,4864.6835,5983.9808,0,benign,0,0,0,0,9.6000,0.9520,6,6
60.0000,3,7156.7720,7228.5485,1,constant,1,0,0,6,59.4000,0.8920,6,0
60.0000,4,5434.3096,8627.7171,0,benign,0,0,0,0,8.4000,0.9520,6,6
60.0000,5,1740.3081,3501.2268,1,on-off,0,0,0,0,9.6000,0.9520,6,6
60.0000,6,6973.0321,8899.1708,0,benign,0,0,0,0,7.2000,0.9520,6,6
60.0000,7,7640.4567,1012.2566,0,benign,0,0,0,0,8.4000,0.9520,6,6
60.0000,8,2326.3214,3283.0375,1,on-off,0,0,0,0,9.6000,0.9520,6,6
60.0000,9,2605.5955,1390.5317,1,constant,1,0,0,6,64.2000,0.8920,6,0
60.0000,10,3144.7049,8575.3437,0,benign,0,0,0,0,8.4000,0.9520,6,6
60.0000,11,1682.7144,2627.6168,0,benign,0,0,0,0,9.6000,0.9520,6,6
60.0000,12,7532.1068,6134.7676,0,benign,0,0,0,0,7.2000,0.9520,6,6
60.0000,13,9064.8044,2566.4204,0,benign,0,0,0,0,8.4000,0.9520,6,6
60.0000,14,6170.2212,1622.2821,0,benign,0,0,0,0,9.6000,0.9520,6,6
70.0000,0,8289.6152,1979.5113,1,constant,1,0,0,7,52.5000,0.8740,7,7
70.0000,1,6305.9624,8610.4395,0,benign,0,0,0,0,9.8000,0.9440,7,7
70.0000,2,4842.6188,6018.9971,0,benign,0,0,0,0,11.2000,0.9440,7,7
70.0000,3,7139.4672,7095.2480,1,constant,1,0,0,7,69.3000,0.8740,7,0
70.0000,4,5417.1625,8587.4699,0,benign,0,0,0,0,9.8000,0.9440,7,7
70.0000,5,1747.6472,3550.5980,1,on-off,0,0,0,0,11.2000,0.9440,7,7
70.0000,6,7018.6256,8804.6734,0,benign,0,0,0,0,8.4000,0.9440,7,7
70.0000,7,7651.3243,1040.8151,0,benign,0,0,0,0,9.8000,0.9440,7,7
70.0000,8,2390.7180,3335.7777,1,on-off,0,0,0,0,11.2000,0.9440,7,7
70.0000,9,2605.1889,1526.6902,1,constant,1,0,0,7,74.9000,0.8740,7,0
70.0000,10,3189.0685,8496.3423,0,benign,0,0,0,0,9.8000,0.9440,7,7
70.0000,11,1715.2447,2680.7120,0,benign,0,0,0,0,11.2000,0.9440,7,7
70.0000,12,7490.9415,6022.4975,0,benign,0,0,0,0,8.4000,0.9440,7,7
70.0000,13,8932.1739,2609.4860,0,benign,0,0,0,0,9.8000,0.9440,7,7
70.0000,14,6087.4254,1698.4679,0,benign,0,0,0,0,11.2000,0.9440,7,7
80.0000,0,8301.5935,2063.8008,1,constant,1,0,0,8,60.0000,0.8560,8,8
80.0000,1,6249.4503,8698.2239,0,benign,0,0,0,0,11.2000,0.9360,8,8
80.0000,2,4820.5541,6054.0135,0,benign,0,0,0,0,12.8000,0.9360,8,8
80.0000,3,7122.1624,6961.9475,1,constant,1,0,0,8,79.2000,0.8560,8,0
80.0000,4,5400.0154,8547.2227,0,benign,0,0,0,0,11.2000,0.9360,8,8
80.0000,5,1754.9864,3599.9692,1,on-off,0,0,0,0,12.8000,0.9360,8,8
80.0000,6,7064.2191,8710.1759,0,benign,0,0,0,0,9.6000,0.9360,8,8
80.0000,7,7662.1919,1069.3737,0,benign,0,0,0,0,11.2000,0.9360,8,8
80.0000,8,2455.1147,3388.5180,1,on-off,0,0,0,0,12.8000,0.9360,8,8
80.0000,9,2604.7822,1662.8486,1,constant,1,0,0,8,85.6000,0.8560,8,0
80.0000,10,3233.4321,8417.3409,0,benign,0,0,0,0,11.2000,0.9360,8,8
80.0000,11,1747.7751,2733.8073,0,benign,0,0,0,0,12.8000,0.9360,8,8
80.0000,12,7449.7763,5910.2275,0,benign,0,0,0,0,9.6000,0.9360,8,8
80.0000,13,8799.5434,2652.5517,0,benign,0,0,0,0,11.2000,0.9360,8,8
80.0000,14,6004.6296,1774.6536,0,benign,0,0,0,0,12.8000,0.9360,8,8
90.0000,0,8313.5717,2148.0902,1,constant,1,0,0,9,67.5000,0.8380,9,9
90.0000,1,6192.9382,8786.0083,0,benign,0,0,0,0,12.6000,0.9280,9,9
90.0000,2,4798.4894,6089.0299,0,benign,0,0,0,0,14.4000,0.9280,9,9
90.0000,3,7104.8577,6828.6470,1,constant,1,0,0,9,89.1000,0.8380,9,0
90.0000,4,5382.8682,8506.9754,0,benign,0,0,0,0,12.6000,0.9280,9,9
90.0000,5,1762.3255,3649.3404,1,on-off,0,0,0,0,14.4000,0.9280,9,9
90.0000,6,7109.8126,8615.6785,0,benign,0,0,0,0,10.8000,0.9280,9,9
90.0000,7,7673.0596,1097.9322,0,benign,0,0,0,0,12.6000,0.9280,9,9
90.0000,8,2519.5114,3441.2582,1,on-off,0,0,0,0,14.4000,0.9280,9,9
90.0000,9,2604.3756,1799.0071,1,constant,1,0,0,9,96.3000,0.8380,9,0
90.0000,10,3277.7957,8338.3396,0,benign,0,0,0,0,12.6000,0.9280,9,9
90.0000,11,1780.3055,2786.9026,0,benign,0,0,0,0,14.4000,0.9280,9,9
90.0000,12,7408.6111,5797.9575,0,benign,0,0,0,0,10.8000,0.9280,9,9
90.0000,13,8666.9129,2695.6174,0,benign,0,0,0,0,12.6000,0.9280,9,9
90.0000,14,5921.8339,1850.8393,0,benign,0,0,0,0,14.4000,0.9280,9,9
100.0000,0,8325.5500,2232.3797,1,constant,1,0,0,10,75.0000,0.8200,10,10
100.0000,1,6136.4262,8873.7927,0,benign,0,0,0,0,14.0000,0.9200,10,10
100.0000,2,4776.4247,6124.0463,0,benign,0,0,0,0,16.0000,0.9200,10,10
100.0000,3,7087.5529,6695.3465,1,constant,1,0,0,10,99.0000,0.8200,10,0
100.0000,4,5365.7211,8466.7282,0,benign,0,0,0,0,14.0000,0.9200,10,10
100.0000,5,1769.6647,3698.7116,1,on-off,0,0,0,0,16.0000,0.9200,10,10
100.0000,6,7155.4060,8521.1811,0,benign,0,0,0,0,12.0000,0.9200,10,10
100.0000,7,7683.9272,1126.4907,0,benign,0,0,0,0,14.0000,0.9200,10,10
100.0000,8,2583.9081,3493.9984,1,on-off,0,0,0,0,16.0000,0.9200,10,10
100.0000,9,2603.9690,1935.1655,1,constant,1,0,0,10,107.0000,0.8200,10,0
100.0000,10,3322.1593,8259.3382,0,benign,0,0,0,0,14.0000,0.9200,10,10
100.0000,11,1812.8359,2839.9978,0,benign,0,0,0,0,16.0000,0.9200,10,10
100.0000,12,7367.4458,5685.6875,0,benign,0,0,0,0,12.0000,0.9200,10,10
100.0000,13,8534.2824,2738.6831,0,benign,0,0,0,0,14.0000,0.9200,10,10
100.0000,14,5839.0381,1927.0251,0,benign,0,0,0,0,16.0000,0.9200,10,10
110.0000,0,8337.5282,2316.6691,1,constant,1,0,0,11,82.5000,0.8020,11,11
110.0000,1,6079.9141,8961.5771,0,benign,0,0,0,0,15.4000,0.9120,11,11
110.0000,2,4754.3600,6159.0627,0,benign,0,0,0,0,17.6000,0.9120,11,11
110.0000,3,7070.2482,6562.0460,1,constant,1,0,0,11,108.9000,0.8020,11,0
110.0000,4,5348.5740,8426.4810,0,benign,0,0,0,0,15.4000,0.9120,11,11
110.0000,5,1777.0038,3748.0827,1,on-off,0,0,0,0,17.6000,0.9120,11,11
110.0000,6,7200.9995,8426.6836,0,benign,0,0,0,0,13.2000,0.9120,11,11
110.0000,7,7694.7949,1155.0493,0,benign,0,0,0,0,15.4000,0.9120,11,11
110.0000,8,2648.3047,3546.7386,1,on-off,0,0,0,0,17.6000,0.9120,11,11
110.0000,9,2603.5623,2071.3240,1,constant,1,0,0,11,117.7000,0.8020,11,0
110.0000,10,3366.5230,8180.3368,0,benign,0,0,0,0,15.4000,0.9120,11,11
110.0000,11,1845.3663,2893.0931,0,benign,0,0,0,0,17.6000,0.9120,11,11
110.0000,12,7326.2806,5573.4174,0,benign,0,0,0,0,13.2000,0.9120,11,11
110.0000,13,8401.6518,2781.7487,0,benign,0,0,0,0,15.4000,0.9120,11,11
110.0000,14,5756.2424,2003.2108,0,benign,0,0,0,0,17.6000,0.9120,11,11
120.0000,0,8349.5065,2400.9586,1,constant,1,0,0,12,90.0000,0.7840,12,12
120.0000,1,6023.4021,9049.3615,0,benign,0,0,0,0,16.8000,0.9040,12,12
120.0000,2,4732.2953,6194.0790,0,benign,0,0,0,0,19.2000,0.9040,12,12
120.0000,3,7052.9434,6428.7455,1,constant,1,0,0,12,118.8000,0.7840,12,0
120.0000,4,5331.4269,8386.2337,0,benign,0,0,0,0,16.8000,0.9040,12,12
120.0000,5,1784.3430,3797.4539,1,on-off,0,0,0,0,19.2000,0.9040,12,12
120.0000,6,7246.5930,8332.1862,0,benign,0,0,0,0,14.4000,0.9040,12,12
120.0000,7,7705.6625,1183.6078,0,benign,0,0,0,0,16.8000,0.9040,12,12
120.0000,8,2712.7014,3599.4789,1,on-off,0,0,0,0,19.2000,0.9040,12,12
120.0000,9,2603.1557,2207.4824,1,constant,1,0,0,12,128.4000,0.7840,12,0
120.0000,10,3410.8866,8101.3355,0,benign,0,0,0,0,16.8000,0.9040,12,12
120.0000,11,1877.8967,2946.1883,0,benign,0,0,0,0,19.2000,0.9040,12,12
120.0000,12,7285.1154,5461.1474,0,benign,0,0,0,0,14.4000,0.9040,12,12
120.0000,13,8269.0213,2824.8144,0,benign,0,0,0,0,16.8000,0.9040,12,12
120.0000,14,5673.4466,2079.3966,0,benign,0,0,0,0,19.2000,0.9040,12,12
130.0000,0,8361.4847,2485.2481,1,constant,1,0,0,13,97.5000,0.7660,13,13
130.0000,1,5966.8900,9137.1460,0,benign,0,0,0,0,18.2000,0.8960,13,13
130.0000,2,4710.2307,6229.0954,0,benign,0,0,0,0,20.8000,0.8960,13,13
130.0000,3,7035.6386,6295.4450,1,constant,1,0,0,13,128.7000,0.7660,13,0
130.0000,4,5314.2798,8345.9865,0,benign,0,0,0,0,18.2000,0.8960,13,13
130.0000,5,1791.6821,3846.8251,1,on-off,0,0,0,0,20.8000,0.8960,13,13
130.0000,6,7292.1865,8237.6888,0,benign,0,0,0,0,15.6000,0.8960,13,13
130.0000,7,7716.5302,1212.1664,0,benign,0,0,0,0,18.2000,0.8960,13,13
130.0000,8,2777.0981,3652.2191,1,on-off,0,0,0,0,20.8000,0.8960,13,13
130.0000,9,2602.7491,2343.6408,1,constant,1,0,0,13,139.1000,0.7660,13,0
130.0000,10,3455.2502,8022.3341,0,benign,0,0,0,0,18.2000,0.8960,13,13
130.0000,11,1910.4270,2999.2836,0,benign,0,0,0,0,20.8000,0.8960,13,13
130.0000,12,7243.9502,5348.8774,0,benign,0,0,0,0,15.6000,0.8960,13,13
130.0000,13,8136.3908,2867.8801,0,benign,0,0,0,0,18.2000,0.8960,13,13
130.0000,14,5590.6508,2155.5823,0,benign,0,0,0,0,20.8000,0.8960,13,13
140.0000,0,8373.4629,2569.5375,1,constant,1,0,0,14,105.0000,0.7480,14,14
140.0000,1,5910.3780,9224.9304,0,benign,0,0,0,0,19.6000,0.8880,14,14
140.0000,2,4688.1660,6264.1118,0,benign,0,0,0,0,22.4000,0.8880,14,14
140.0000,3,7018.3339,6162.1445,1,constant,1,0,0,14,138.6000,0.7480,14,0
140.0000,4,5297.1327,8305.7393,0,benign,0,0,0,0,19.6000,0.8880,14,14
140.0000,5,1799.0213,3896.1963,1,on-off,0,0,0,0,22.4000,0.8880,14,14
140.0000,6,7337.7799,8143.1913,0,benign,0,0,0,0,16.8000,0.8880,14,14
140.0000,7,7727.3978,1240.7249,0,benign,0,0,0,0,19.6000,0.8880,14,14
140.0000,8,2841.4948,3704.9593,1,on-off,0,0,0,0,22.4000,0.8880,14,14
140.0000,9,2601.6990,2449.1543,1,constant,1,0,0,14,149.8000,0.7480,14,0
140.0000,10,3499.6138,7943.3327,0,benign,0,0,0,0,19.6000,0.8880,14,14
140.0000,11,1942.9574,3052.3789,0,benign,0,0,0,0,22.4000,0.8880,14,14
140.0000,12,7202.7849,5236.6074,0,benign,0,0,0,0,16.8000,0.8880,14,14
140.0000,13,8003.7603,2910.9458,0,benign,0,0,0,0,19.6000,0.8880,14,14
140.0000,14,5507.8551,2231.7681,0,benign,0,0,0,0,22.4000,0.8880,14,14
150.0000,0,8385.4412,2653.8270,1,constant,1,0,0,15,112.5000,0.7300,15,15
150.0000,1,5853.8659,9312.7148,0,benign,0,0,0,0,21.0000,0.8800,15,15
150.0000,2,4666.1013,6299.1282,0,benign,0,0,0,0,24.0000,0.8800,15,15
150.0000,3,7001.0291,6028.8440,1,constant,1,0,0,15,148.5000,0.7300,15,0
150.0000,4,5279.9856,8265.4920,0,benign,0,0,0,0,21.0000,0.8800,15,15
150.0000,5,1806.3605,3945.5675,1,on-off,0,0,0,0,24.0000,0.8800,15,15
150.0000,6,7383.3734,8048.6939,0,benign,0,0,0,0,18.0000,0.8800,15,15
150.0000,7,7738.2655,1269.2835,0,benign,0,0,0,0,21.0000,0.8800,15,15
150.0000,8,2905.8914,3757.6995,1,on-off,0,0,0,0,24.0000,0.8800,15,15
150.0000,9,2598.3833,2512.8945,1,constant,1,0,0,15,160.5000,0.7300,15,0
150.0000,10,3543.9774,7864.3314,0,benign,0,0,0,0,21.0000,0.8800,15,15
150.0000,11,1975.4878,3105.4741,0,benign,0,0,0,0,24.0000,0.8800,15,15
150.0000,12,7161.6197,5124.3373,0,benign,0,0,0,0,18.0000,0.8800,15,15
150.0000,13,7871.1298,2954.0114,0,benign,0,0,0,0,21.0000,0.8800,15,15
150.0000,14,5425.0593,2307.9538,0,benign,0,0,0,0,24.0000,0.8800,15,15
160.0000,0,8397.4194,2738.1165,1,constant,1,0,0,16,120.0000,0.7120,16,16
160.0000,1,5797.3539,9400.4992,0,benign,0,0,0,0,22.4000,0.8720,16,16
160.0000,2,4644.0366,6334.1446,0,benign,0,0,0,0,25.6000,0.8720,16,16
160.0000,3,6983.7243,5895.5435,1,constant,1,0,0,16,158.4000,0.7120,16,0
160.0000,4,5262.8385,8225.2448,0,benign,0,0,0,0,22.4000,0.8720,16,16
160.0000,5,1813.6996,3994.9387,1,on-off,0,0,0,0,25.6000,0.8720,16,16
160.0000,6,7428.9669,7954.1964,0,benign,0,0,0,0,19.2000,0.8720,16,16
160.0000,7,7749.1331,1297.8420,0,benign,0,0,0,0,22.4000,0.8720,16,16
160.0000,8,2970.2881,3810.4398,1,on-off,0,0,0,0,25.6000,0.8720,16,16
160.0000,9,2595.0677,2576.6347,1,constant,1,0,0,16,171.2000,0.7120,16,0
160.0000,10,3588.3410,7785.3300,0,benign,0,0,0,0,22.4000,0.8720,16,16
160.0000,11,2008.0182,3158.5694,0,benign,0,0,0,0,25.6000,0.8720,16,16
160.0000,12,7120.4545,5012.0673,0,benign,0,0,0,0,19.2000,0.8720,16,16
160.0000,13,7738.4993,2997.0771,0,benign,0,0,0,0,22.4000,0.8720,16,16
160.0000,14,5342.2636,2384.1396,0,benign,0,0,0,0,25.6000,0.8720,16,16
170.0000,0,8409.3977,2822.4059,1,constant,1,0,0,17,127.5000,0.6940,17,17
170.0000,1,5740.8418,9488.2836,0,benign,0,0,0,0,23.8000,0.8640,17,17
170.0000,2,4621.9719,6369.1609,0,benign,0,0,0,0,27.2000,0.8640,17,17
170.0000,3,6966.4196,5762.2430,1,constant,1,0,0,17,168.3000,0.6940,17,0
170.0000,4,5245.6914,8184.9976,0,benign,0,0,0,0,23.8000,0.8640,17,17
170.0000,5,1821.0388,4044.3099,1,on-off,0,0,0,0,27.2000,0.8640,17,17
170.0000,6,7474.5604,7859.6990,0,benign,0,0,0,0,20.4000,0.8640,17,17
170.0000,7,7760.0007,1326.4006,0,benign,0,0,0,0,23.8000,0.8640,17,17
170.0000,8,3034.6848,3863.1800,1,on-off,0,0,0,0,27.2000,0.8640,17,17
170.0000,9,2591.7520,2640.3749,1,constant,1,0,0,17,181.9000,0.6940,17,0
170.0000,10,3632.7046,7706.3286,0,benign,0,0,0,0,23.8000,0.8640,17,17
170.0000,11,2040.5486,3211.6646,0,benign,0,0,0,0,27.2000,0.8640,17,17
170.0000,12,7079.2893,4899.7973,0,benign,0,0,0,0,20.4000,0.8640,17,17
170.0000,13,7605.8687,3040.1428,0,benign,0,0,0,0,23.8000,0.8640,17,17
170.0000,14,5259.4678,2460.3253,0,benign,0,0,0,0,27.2000,0.8640,17,17
180.0000,0,8421.3759,2906.6954,1,constant,1,0,0,18,135.0000,0.6760,18,18
180.0000,1,5684.3297,9576.0681,0,benign,0,0,0,0,25.2000,0.8560,18,18
180.0000,2,4599.9072,6404.1773,0,benign,0,0,0,0,28.8000,0.8560,18,18
180.0000,3,6949.1148,5628.9425,1,constant,1,0,0,18,178.2000,0.6760,18,0
180.0000,4,5228.5442,8144.7503,0,benign,0,0,0,0,25.2000,0.8560,18,18
180.0000,5,1828.3779,4093.6810,1,on-off,0,0,0,0,28.8000,0.8560,18,18
180.0000,6,7520.1538,7765.2016,0,benign,0,0,0,0,21.6000,0.8560,18,18
180.0000,7,7770.8684,1354.9591,0,benign,0,0,0,0,25.2000,0.8560,18,18
180.0000,8,3099.0814,3915.9202,1,on-off,0,0,0,0,28.8000,0.8560,18,18
180.0000,9,2588.4363,2704.1151,1,constant,1,0,0,18,192.6000,0.6760,18,0
180.0000,10,3677.0682,7627.3273,0,benign,0,0,0,0,25.2000,0.8560,18,18
180.0000,11,2073.0790,3264.7599,0,benign,0,0,0,0,28.8000,0.8560,18,18
180.0000,12,7038.1240,4787.5272,0,benign,0,0,0,0,21.6000,0.8560,18,18
180.0000,13,7473.2382,3083.2084,0,benign,0,0,0,0,25.2000,0.8560,18,18
180.0000,14,5176.6720,2536.5110,0,benign,0,0,0,0,28.8000,0.8560,18,18
190.0000,0,8433.3542,2990.9848,1,constant,1,0,0,19,142.5000,0.6580,19,19
190.0000,1,5627.8177,9663.8525,0,benign,0,0,0,0,26.6000,0.8480,19,19
190.0000,2,4577.8425,6439.1937,0,benign,0,0,0,0,30.4000,0.8480,19,19
190.0000,3,6931.8101,5495.6420,1,constant,1,0,0,19,188.1000,0.6580,19,0
190.0000,4,5212.2535,8106.5133,0,benign,0,0,0,0,26.6000,0.8480,19,19
190.0000,5,1835.7171,4143.0522,1,on-off,0,0,0,0,30.4000,0.8480,19,19
190.0000,6,7565.7473,7670.7041,0,benign,0,0,0,0,22.8000,0.8480,19,19
190.0000,7,7781.7360,1383.5177,0,benign,0,0,0,0,26.6000,0.8480,19,19
190.0000,8,3163.4781,3968.6604,1,on-off,0,0,0,0,30.4000,0.8480,19,19
190.0000,9,2585.1206,2767.8553,1,constant,1,0,0,19,203.3000,0.6580,19,0
190.0000,10,3721.4318,7548.3259,0,benign,0,0,0,0,26.6000,0.8480,19,19
190.0000,11,2105.6093,3317.8552,0,benign,0,0,0,0,30.4000,0.8480,19,19
190.0000,12,6996.9588,4675.2572,0,benign,0,0,0,0,22.8000,0.8480,19,19
190.0000,13,7340.6077,3126.2741,0,benign,0,0,0,0,26.6000,0.8480,19,19
190.0000,14,5093.8763,2612.6968,0,benign,0,0,0,0,30.4000,0.8480,19,19
200.0000,0,8445.3324,3075.2743,1,constant,1,0,0,20,150.0000,0.6400,20,20
200.0000,1,5571.3056,9751.6369,0,benign,0,0,0,0,28.0000,0.8400,20,20
200.0000,2,4555.7779,6474.2101,0,benign,0,0,0,0,32.0000,0.8400,20,20
200.0000,3,6914.5053,5362.3415,1,constant,1,0,0,20,198.0000,0.6400,20,0
200.0000,4,5094.6806,8046.4937,0,benign,0,0,0,0,28.0000,0.8400,20,20
200.0000,5,1843.0562,4192.4234,1,on-off,0,0,0,0,32.0000,0.8400,20,20
200.0000,6,7611.3408,7576.2067,0,benign,0,0,0,0,24.0000,0.8400,20,20
200.0000,7,7792.6037,1412.0762,0,benign,0,0,0,0,28.0000,0.8400,20,20
200.0000,8,3227.8748,4021.4007,1,on-off,0,0,0,0,32.0000,0.8400,20,20
200.0000,9,2581.8049,2831.5955,1,constant,1,0,0,20,214.0000,0.6400,20,0
200.0000,10,3765.7954,7469.3245,0,benign,0,0,0,0,28.0000,0.8400,20,20
200.0000,11,2138.1397,3370.9504,0,benign,0,0,0,0,32.0000,0.8400,20,20
200.0000,12,6955.7936,4562.9872,0,benign,0,0,0,0,24.0000,0.8400,20,20
200.0000,13,7207.9772,3169.3398,0,benign,0,0,0,0,28.0000,0.8400,20,20
200.0000,14,5011.0805,2688.8825,0,benign,0,0,0,0,32.0000,0.8400,20,20
210.0000,0,8457.3107,3159.5638,1,constant,1,0,0,21,157.5000,0.6220,21,21
210.0000,1,5514.7936,9839.4213,0,benign,0,0,0,0,29.4000,0.8320,21,21
210.0000,2,4533.7132,6509.2264,0,benign,0,0,0,0,33.6000,0.8320,21,21
210.0000,3,6897.2005,5229.0410,1,constant,1,0,0,21,207.9000,0.6220,21,0
210.0000,4,4970.9126,7983.3116,0,benign,0,0,0,0,29.4000,0.8320,21,21
210.0000,5,1850.3954,4241.7946,1,on-off,0,0,0,0,33.6000,0.8320,21,21
210.0000,6,7656.9343,7481.7093,0,benign,0,0,0,0,25.2000,0.8320,21,21
210.0000,7,7803.4713,1440.6347,0,benign,0,0,0,0,29.4000,0.8320,21,21
210.0000,8,3292.2715,4074.1409,1,on-off,0,0,0,0,33.6000,0.8320,21,21
210.0000,9,2578.4892,2895.3357,1,constant,1,0,0,21,224.7000,0.6220,21,0
210.0000,10,3810.1591,7390.3232,0,benign,0,0,0,0,29.4000,0.8320,21,21
210.0000,11,2170.6701,3424.0457,0,benign,0,0,0,0,33.6000,0.8320,21,21
210.0000,12,6914.6283,4450.7172,0,benign,0,0,0,0,25.2000,0.8320,21,21
210.0000,13,7075.3467,3212.4055,0,benign,0,0,0,0,29.4000,0.8320,21,21
210.0000,14,4928.2848,2765.0683,0,benign,0,0,0,0,33.6000,0.8320,21,21
220.0000,0,8469.2889,3243.8532,1,constant,1,0,0,22,165.0000,0.6040,22,22
220.0000,1,5458.2815,9927.2057,0,benign,0,0,0,0,30.8000,0.8240,22,22
220.0000,2,4511.6485,6544.2428,0,benign,0,0,0,0,35.2000,0.8240,22,22
220.0000,3,6879.8958,5095.7405,1,constant,1,0,0,22,217.8000,0.6040,22,0
220.0000,4,4847.1445,7920.1296,0,benign,0,0,0,0,30.8000,0.8240,22,22
220.0000,5,1857.7345,4291.1658,1,on-off,0,0,0,0,35.2000,0.8240,22,22
220.0000,6,7702.5278,7387.2118,0,benign,0,0,0,0,26.4000,0.8240,22,22
220.0000,7,7814.3390,1469.1933,0,benign,0,0,0,0,30.8000,0.8240,22,22
220.0000,8,3356.6681,4126.8811,1,on-off,0,0,0,0,35.2000,0.8240,22,22
220.0000,9,2575.1735,2959.0759,1,constant,1,0,0,22,235.4000,0.6040,22,0
220.0000,10,3854.5227,7311.3218,0,benign,0,0,0,0,30.8000,0.8240,22,22
220.0000,11,2203.2005,3477.1409,0,benign,0,0,0,0,35.2000,0.8240,22,22
220.0000,12,6873.4631,4338.4471,0,benign,0,0,0,0,26.4000,0.8240,22,22
220.0000,13,6942.7162,3255.4711,0,benign,0,0,0,0,30.8000,0.8240,22,22
220.0000,14,4845.4890,2841.2540,0,benign,0,0,0,0,35.2000,0.8240,22,22
230.0000,0,8481.2672,3328.1427,1,constant,1,0,0,23,172.5000,0.5860,23,23
230.0000,1,5408.4164,9933.2922,0,benign,0,0,0,0,32.2000,0.8160,23,23
230.0000,2,4489.5838,6579.2592,0,benign,0,0,0,0,36.8000,0.8160,23,23
230.0000,3,6862.5910,4962.4400,1,constant,1,0,0,23,227.7000,0.5860,23,0
230.0000,4,4723.3764,7856.9475,0,benign,0,0,0,0,32.2000,0.8160,23,23
230.0000,5,1865.0737,4340.5370,1,on-off,0,0,0,0,36.8000,0.8160,23,23
230.0000,6,7748.1212,7292.7144,0,benign,0,0,0,0,27.6000,0.8160,23,23
230.0000,7,7825.2066,1497.7518,0,benign,0,0,0,0,32.2000,0.8160,23,23
230.0000,8,3421.0648,4179.6213,1,on-off,0,0,0,0,36.8000,0.8160,23,23
230.0000,9,2571.8578,3022.8161,1,constant,1,0,0,23,246.1000,0.5860,23,0
230.0000,10,3898.8863,7232.3204,0,benign,0,0,0,0,32.2000,0.8160,23,23
230.0000,11,2235.7309,3530.2362,0,benign,0,0,0,0,36.8000,0.8160,23,23
230.0000,12,6836.4197,4241.2680,0,benign,0,0,0,0,27.6000,0.8160,23,23
230.0000,13,6810.0856,3298.5368,0,benign,0,0,0,0,32.2000,0.8160,23,23
230.0000,14,4762.6932,2917.4398,0,benign,0,0,0,0,36.8000,0.8160,23,23
240.0000,0,8493.2454,3412.4322,1,constant,1,0,0,24,180.0000,0.5680,24,24
240.0000,1,5354.1646,9855.5396,0,benign,0,0,0,0,33.6000,0.8080,24,24
240.0000,2,4467.5191,6614.2756,0,benign,0,0,0,0,38.4000,0.8080,24,24
240.0000,3,6845.2863,4829.1395,1,constant,1,0,0,24,237.6000,0.5680,24,0
240.0000,4,4599.6083,7793.7654,0,benign,0,0,0,0,33.6000,0.8080,24,24
240.0000,5,1872.4129,4389.9081,1,on-off,0,0,0,0,38.4000,0.8080,24,24
240.0000,6,7793.7147,7198.2170,0,benign,0,0,0,0,28.8000,0.8080,24,24
240.0000,7,7836.0743,1526.3104,0,benign,0,0,0,0,33.6000,0.8080,24,24
240.0000,8,3485.4615,4232.3616,1,on-off,0,0,0,0,38.4000,0.8080,24,24
240.0000,9,2568.5421,3086.5563,1,constant,1,0,0,24,256.8000,0.5680,24,0
240.0000,10,3943.2499,7153.3191,0,benign,0,0,0,0,33.6000,0.8080,24,24
240.0000,11,2268.2613,3583.3315,0,benign,0,0,0,0,38.4000,0.8080,24,24
240.0000,12,6795.4606,4279.7698,0,benign,0,0,0,0,28.8000,0.8080,24,24
240.0000,13,6677.4551,3341.6025,0,benign,0,0,0,0,33.6000,0.8080,24,24
240.0000,14,4679.8975,2993.6255,0,benign,0,0,0,0,38.4000,0.8080,24,24
250.0000,0,8505.2237,3496.7216,1,constant,1,0,0,25,187.5000,0.5500,25,25
250.0000,1,5299.9129,9777.7870,0,benign,0,0,0,0,35.0000,0.8000,25,25
250.0000,2,4445.4544,6649.2920,0,benign,0,0,0,0,40.0000,0.8000,25,25
250.0000,3,6827.9815,4695.8390,1,constant,1,0,0,25,247.5000,0.5500,25,0
250.0000,4,4475.8402,7730.5833,0,benign,0,0,0,0,35.0000,0.8000,25,25
250.0000,5,1879.7520,4439.2793,1,on-off,0,0,0,0,40.0000,0.8000,25,25
250.0000,6,7839.3082,7103.7195,0,benign,0,0,0,0,30.0000,0.8000,25,25
250.0000,7,7846.9419,1554.8689,0,benign,0,0,0,0,35.0000,0.8000,25,25
250.0000,8,3549.8582,4285.1018,1,on-off,0,0,0,0,40.0000,0.8000,25,25
250.0000,9,2565.2264,3150.2965,1,constant,1,0,0,25,267.5000,0.5500,25,0
250.0000,10,3987.6135,7074.3177,0,benign,0,0,0,0,35.0000,0.8000,25,25
250.0000,11,2300.7916,3636.4267,0,benign,0,0,0,0,40.0000,0.8000,25,25
250.0000,12,6754.5016,4318.2715,0,benign,0,0,0,0,30.0000,0.8000,25,25
250.0000,13,6544.8246,3384.6682,0,benign,0,0,0,0,35.0000,0.8000,25,25
250.0000,14,4597.1017,3069.8113,0,benign,0,0,0,0,40.0000,0.8000,25,25
260.0000,0,8517.2019,3581.0111,1,constant,1,0,0,26,195.0000,0.5320,26,26
260.0000,1,5245.6612,9700.0344,0,benign,0,0,0,0,36.4000,0.7920,26,26
260.0000,2,4423.3897,6684.3083,0,benign,0,0,0,0,41.6000,0.7920,26,26
260.0000,3,6810.6767,4562.5385,1,constant,1,0,0,26,257.4000,0.5320,26,0
260.0000,4,4352.0721,7667.4012,0,benign,0,0,0,0,36.4000,0.7920,26,26
260.0000,5,1887.0912,4488.6505,1,on-off,0,0,0,0,41.6000,0.7920,26,26
260.0000,6,7884.9017,7009.2221,0,benign,0,0,0,0,31.2000,0.7920,26,26
260.0000,7,7857.8096,1583.4275,0,benign,0,0,0,0,36.4000,0.7920,26,26
260.0000,8,3614.2548,4337.8420,1,on-off,0,0,0,0,41.6000,0.7920,26,26
260.0000,9,2561.9107,3214.0367,1,constant,1,0,0,26,278.2000,0.5320,26,0
260.0000,10,4031.9771,6995.3163,0,benign,0,0,0,0,36.4000,0.7920,26,26
260.0000,11,2333.3220,3689.5220,0,benign,0,0,0,0,41.6000,0.7920,26,26
260.0000,12,6713.5425,4356.7733,0,benign,0,0,0,0,31.2000,0.7920,26,26
260.0000,13,6412.1941,3427.7338,0,benign,0,0,0,0,36.4000,0.7920,26,26
260.0000,14,4514.3060,3145.9970,0,benign,0,0,0,0,41.6000,0.7920,26,26
270.0000,0,8529.1802,3665.3006,1,constant,1,0,0,27,202.5000,0.5140,27,27
270.0000,1,5191.4094,9622.2817,0,benign,0,0,0,0,37.8000,0.7840,27,27
270.0000,2,4401.3251,6719.3247,0,benign,0,0,0,0,43.2000,0.7840,27,27
270.0000,3,6793.3720,4429.2380,1,constant,1,0,0,27,267.3000,0.5140,27,0
270.0000,4,4228.3040,7604.2191,0,benign,0,0,0,0,37.8000,0.7840,27,27
270.0000,5,1894.4303,4538.0217,1,on-off,0,0,0,0,43.2000,0.7840,27,27
270.0000,6,7930.4951,6914.7246,0,benign,0,0,0,0,32.4000,0.7840,27,27
270.0000,7,7868.6772,1611.9860,0,benign,0,0,0,0,37.8000,0.7840,27,27
270.0000,8,3678.6515,4390.5822,1,on-off,0,0,0,0,43.2000,0.7840,27,27
270.0000,9,2558.5950,3277.7769,1,constant,1,0,0,27,288.9000,0.5140,27,0
270.0000,10,4076.3407,6916.3150,0,benign,0,0,0,0,37.8000,0.7840,27,27
270.0000,11,2365.8524,3742.6173,0,benign,0,0,0,0,43.2000,0.7840,27,27
270.0000,12,6672.5835,4395.2750,0,benign,0,0,0,0,32.4000,0.7840,27,27
270.0000,13,6279.5636,3470.7995,0,benign,0,0,0,0,37.8000,0.7840,27,27
270.0000,14,4431.5102,3222.1828,0,benign,0,0,0,0,43.2000,0.7840,27,27
280.0000,0,8541.1584,3749.5900,1,constant,1,0,0,28,210.0000,0.4960,28,28
280.0000,1,5137.1577,9544.5291,0,benign,0,0,0,0,39.2000,0.7760,28,28
280.0000,2,4379.2604,6754.3411,0,benign,0,0,0,0,44.8000,0.7760,28,28
280.0000,3,6776.0672,4295.9375,1,constant,1,0,0,28,277.2000,0.4960,28,0
280.0000,4,4104.5359,7541.0370,0,benign,0,0,0,0,39.2000,0.7760,28,28
280.0000,5,1901.7695,4587.3929,1,on-off,0,0,0,0,44.8000,0.7760,28,28
280.0000,6,7976.0886,6820.2272,0,benign,0,0,0,0,33.6000,0.7760,28,28
280.0000,7,7879.5448,1640.5446,0,benign,0,0,0,0,39.2000,0.7760,28,28
280.0000,8,3743.0482,4443.3225,1,on-off,0,0,0,0,44.8000,0.7760,28,28
280.0000,9,2555.2794,3341.5171,1,constant,1,0,0,28,299.6000,0.4960,28,0
280.0000,10,4120.7043,6837.3136,0,benign,0,0,0,0,39.2000,0.7760,28,28
280.0000,11,2398.3828,3795.7125,0,benign,0,0,0,0,44.8000,0.7760,28,28
280.0000,12,6631.6245,4433.7768,0,benign,0,0,0,0,33.6000,0.7760,28,28
280.0000,13,6146.9331,3513.8652,0,benign,0,0,0,0,39.2000,0.7760,28,28
280.0000,14,4348.7144,3298.3685,0,benign,0,0,0,0,44.8000,0.7760,28,28
290.0000,0,8553.1366,3833.8795,1,constant,1,0,0,29,217.5000,0.4780,29,29
290.0000,1,5082.9060,9466.7765,0,benign,0,0,0,0,40.6000,0.7680,29,29
290.0000,2,4357.1957,6789.3575,0,benign,0,0,0,0,46.4000,0.7680,29,29
290.0000,3,6758.7624,4162.6370,1,constant,1,0,0,29,287.1000,0.4780,29,0
290.0000,4,3980.7679,7477.8549,0,benign,0,0,0,0,40.6000,0.7680,29,29
290.0000,5,1909.1086,4636.7641,1,on-off,0,0,0,0,46.4000,0.7680,29,29
290.0000,6,8021.6821,6725.7298,0,benign,0,0,0,0,34.8000,0.7680,29,29
290.0000,7,7890.4125,1669.1031,0,benign,0,0,0,0,40.6000,0.7680,29,29
290.0000,8,3807.4449,4496.0627,1,on-off,0,0,0,0,46.4000,0.7680,29,29
290.0000,9,2551.9637,3405.2574,1,constant,1,0,0,29,310.3000,0.4780,29,0
290.0000,10,4165.0679,6758.3122,0,benign,0,0,0,0,40.6000,0.7680,29,29
290.0000,11,2430.9132,3848.8078,0,benign,0,0,0,0,46.4000,0.7680,29,29
290.0000,12,6590.6654,4472.2785,0,benign,0,0,0,0,34.8000,0.7680,29,29
290.0000,13,6014.3025,3556.9309,0,benign,0,0,0,0,40.6000,0.7680,29,29
290.0000,14,4265.9187,3374.5542,0,benign,0,0,0,0,46.4000,0.7680,29,29
300.0000,0,8565.1149,3918.1689,1,constant,1,0,0,30,225.0000,0.4600,30,30
300.0000,1,5028.6543,9389.0239,0,benign,0,0,0,0,42.0000,0.7600,30,30
300.0000,2,4335.1310,6824.3739,0,benign,0,0,0,0,48.0000,0.7600,30,30
300.0000,3,6741.4577,4029.3365,1,constant,1,0,0,30,297.0000,0.4600,30,0
300.0000,4,3856.9998,7414.6728,0,benign,0,0,0,0,42.0000,0.7600,30,30
300.0000,5,1916.4478,4686.1352,1,on-off,0,0,0,0,48.0000,0.7600,30,30
300.0000,6,8067.2756,6631.2323,0,benign,0,0,0,0,36.0000,0.7600,30,30
300.0000,7,7901.2801,1697.6616,0,benign,0,0,0,0,42.0000,0.7600,30,30
300.0000,8,3871.8415,4548.8029,1,on-off,0,0,0,0,48.0000,0.7600,30,30
300.0000,9,2548.6480,3468.9976,1,constant,1,0,0,30,321.0000,0.4600,30,0
300.0000,10,4209.4315,6679.3109,0,benign,0,0,0,0,42.0000,0.7600,30,30
300.0000,11,2463.4436,3901.9030,0,benign,0,0,0,0,48.0000,0.7600,30,30
300.0000,12,6549.7064,4510.7802,0,benign,0,0,0,0,36.0000,0.7600,30,30
300.0000,13,5881.6720,3599.9965,0,benign,0,0,0,0,42.0000,0.7600,30,30
300.0000,14,4183.1229,3450.7400,0,benign,0,0,0,0,48.0000,0.7600,30,30
310.0000,0,8577.0931,4002.4584,1,constant,1,0,0,31,232.5000,0.4420,31,31
310.0000,1,4974.4025,9311.2713,0,benign,0,0,0,0,43.4000,0.7520,31,31
310.0000,2,4313.0663,6859.3902,0,benign,0,0,0,0,49.6000,0.7520,31,31
310.0000,3,6724.1529,3896.0360,1,constant,1,0,0,31,306.9000,0.4420,31,0
310.0000,4,3733.2317,7351.4907,0,benign,0,0,0,0,43.4000,0.7520,31,31
310.0000,5,1923.7869,4735.5064,1,on-off,0,0,0,0,49.6000,0.7520,31,31
310.0000,6,8112.8690,6536.7349,0,benign,0,0,0,0,37.2000,0.7520,31,31
310.0000,7,7912.1478,1726.2202,0,benign,0,0,0,0,43.4000,0.7520,31,31
310.0000,8,3936.2382,4601.5431,1,on-off,0,0,0,0,49.6000,0.7520,31,31
310.0000,9,2545.3323,3532.7378,1,constant,1,0,0,31,331.7000,0.4420,31,0
310.0000,10,4253.7952,6600.3095,0,benign,0,0,0,0,43.4000,0.7520,31,31
310.0000,11,2495.9739,3954.9983,0,benign,0,0,0,0,49.6000,0.7520,31,31
310.0000,12,6508.7473,4549.2820,0,benign,0,0,0,0,37.2000,0.7520,31,31
310.0000,13,5749.0415,3643.0622,0,benign,0,0,0,0,43.4000,0.7520,31,31
310.0000,14,4100.3272,3526.9257,0,benign,0,0,0,0,49.6000,0.7520,31,31
320.0000,0,8589.0714,4086.7479,1,constant,1,0,0,32,240.0000,0.4240,32,32
320.0000,1,4920.1508,9233.5187,0,benign,0,0,0,0,44.8000,0.7440,32,32
320.0000,2,4291.0016,6894.4066,0,benign,0,0,0,0,51.2000,0.7440,32,32
320.0000,3,6709.1873,3778.4313,1,constant,1,0,0,32,316.8000,0.4240,32,0
320.0000,4,3609.4636,7288.3087,0,benign,0,0,0,0,44.8000,0.7440,32,32
320.0000,5,1931.1261,4784.8776,1,on-off,0,0,0,0,51.2000,0.7440,32,32
320.0000,6,8158.4625,6442.2375,0,benign,0,0,0,0,38.4000,0.7440,32,32
320.0000,7,7923.0154,1754.7787,0,benign,0,0,0,0,44.8000,0.7440,32,32
320.0000,8,4000.6349,4654.2834,1,on-off,0,0,0,0,51.2000,0.7440,32,32
320.0000,9,2542.0166,3596.4780,1,constant,1,0,0,32,342.4000,0.4240,32,0
320.0000,10,4298.1588,6521.3081,0,benign,0,0,0,0,44.8000,0.7440,32,32
320.0000,11,2528.5043,4008.0936,0,benign,0,0,0,0,51.2000,0.7440,32,32
320.0000,12,6467.7883,4587.7837,0,benign,0,0,0,0,38.4000,0.7440,32,32
320.0000,13,5616.4110,3686.1279,0,benign,0,0,0,0,44.8000,0.7440,32,32
320.0000,14,4017.5314,3603.1115,0,benign,0,0,0,0,51.2000,0.7440,32,32
330.0000,0,8601.0496,4171.0373,1,constant,1,0,0,33,247.5000,0.4060,33,33
330.0000,1,4865.8991,9155.7661,0,benign,0,0,0,0,46.2000,0.7360,33,33
330.0000,2,4268.9369,6929.4230,0,benign,0,0,0,0,52.8000,0.7360,33,33
330.0000,3,6708.0561,3707.9898,1,constant,1,0,0,33,326.7000,0.4060,33,0
330.0000,4,3485.6955,7225.1266,0,benign,0,0,0,0,46.2000,0.7360,33,33
330.0000,5,1938.4653,4834.2488,1,on-off,0,0,0,0,52.8000,0.7360,33,33
330.0000,6,8204.0560,6347.7400,0,benign,0,0,0,0,39.6000,0.7360,33,33
330.0000,7,7933.8831,1783.3373,0,benign,0,0,0,0,46.2000,0.7360,33,33
330.0000,8,4065.0316,4707.0236,1,on-off,0,0,0,0,52.8000,0.7360,33,33
330.0000,9,2538.7009,3660.2182,1,constant,1,0,0,33,353.1000,0.4060,33,0
330.0000,10,4342.5224,6442.3068,0,benign,0,0,0,0,46.2000,0.7360,33,33
330.0000,11,2561.0347,4061.1888,0,benign,0,0,0,0,52.8000,0.7360,33,33
330.0000,12,6426.8292,4626.2855,0,benign,0,0,0,0,39.6000,0.7360,33,33
330.0000,13,5483.7805,3729.1935,0,benign,0,0,0,0,46.2000,0.7360,33,33
330.0000,14,3934.7356,3679.2972,0,benign,0,0,0,0,52.8000,0.7360,33,33
340.0000,0,8613.0279,4255.3268,1,constant,1,0,0,34,255.0000,0.3880,34,34
340.0000,1,4811.6474,9078.0135,0,benign,0,0,0,0,47.6000,0.7280,34,34
340.0000,2,4246.8723,6964.4394,0,benign,0,0,0,0,54.4000,0.7280,34,34
340.0000,3,6706.9249,3637.5484,1,constant,1,0,0,34,336.6000,0.3880,34,0
340.0000,4,3361.9274,7161.9445,0,benign,0,0,0,0,47.6000,0.7280,34,34
340.0000,5,1945.8044,4883.6200,1,on-off,0,0,0,0,54.4000,0.7280,34,34
340.0000,6,8249.6495,6253.2426,0,benign,0,0,0,0,40.8000,0.7280,34,34
340.0000,7,7944.7507,1811.8958,0,benign,0,0,0,0,47.6000,0.7280,34,34
340.0000,8,4129.4282,4759.7638,1,on-off,0,0,0,0,54.4000,0.7280,34,34
340.0000,9,2535.3852,3723.9584,1,constant,1,0,0,34,363.8000,0.3880,34,0
340.0000,10,4386.8860,6363.3054,0,benign,0,0,0,0,47.6000,0.7280,34,34
340.0000,11,2593.5651,4114.2841,0,benign,0,0,0,0,54.4000,0.7280,34,34
340.0000,12,6385.8702,4664.7872,0,benign,0,0,0,0,40.8000,0.7280,34,34
340.0000,13,5351.1500,3772.2592,0,benign,0,0,0,0,47.6000,0.7280,34,34
340.0000,14,3851.9399,3755.4830,0,benign,0,0,0,0,54.4000,0.7280,34,34
350.0000,0,8625.0061,4339.6163,1,constant,1,0,0,35,262.5000,0.3700,35,35
350.0000,1,4757.3956,9000.2609,0,benign,0,0,0,0,49.0000,0.7200,35,35
350.0000,2,4224.8076,6999.4557,0,benign,0,0,0,0,56.0000,0.7200,35,35
350.0000,3,6705.7937,3567.1069,1,constant,1,0,0,35,346.5000,0.3700,35,0
350.0000,4,3238.1593,7098.7624,0,benign,0,0,0,0,49.0000,0.7200,35,35
350.0000,5,1953.1436,4932.9912,1,on-off,0,0,0,0,56.0000,0.7200,35,35
350.0000,6,8295.2430,6158.7452,0,benign,0,0,0,0,42.0000,0.7200,35,35
350.0000,7,7955.6184,1840.4544,0,benign,0,0,0,0,49.0000,0.7200,35,35
350.0000,8,4193.8249,4812.5040,1,on-off,0,0,0,0,56.0000,0.7200,35,35
350.0000,9,2532.0695,3787.6986,1,constant,1,0,0,35,374.5000,0.3700,35,0
350.0000,10,4431.2496,6284.3041,0,benign,0,0,0,0,49.0000,0.7200,35,35
350.0000,11,2626.0955,4167.3793,0,benign,0,0,0,0,56.0000,0.7200,35,35
350.0000,12,6344.9111,4703.2890,0,benign,0,0,0,0,42.0000,0.7200,35,35
350.0000,13,5218.5195,3815.3249,0,benign,0,0,0,0,49.0000,0.7200,35,35
350.0000,14,3769.1441,3831.6687,0,benign,0,0,0,0,56.0000,0.7200,35,35
360.0000,0,8636.9844,4423.9057,1,constant,1,0,0,36,270.0000,0.3520,36,36
360.0000,1,4703.1439,8922.5083,0,benign,0,0,0,0,50.4000,0.7120,36,36
360.0000,2,4202.7429,7034.4721,0,benign,0,0,0,0,57.6000,0.7120,36,36
360.0000,3,6704.6625,3496.6654,1,constant,1,0,0,36,356.4000,0.3520,36,0
360.0000,4,3114.3912,7035.5803,0,benign,0,0,0,0,50.4000,0.7120,36,36
360.0000,5,1960.4827,4982.3623,1,on-off,0,0,0,0,57.6000,0.7120,36,36
360.0000,6,8340.8364,6064.2477,0,benign,0,0,0,0,43.2000,0.7120,36,36
360.0000,7,7966.4860,1869.0129,0,benign,0,0,0,0,50.4000,0.7120,36,36
360.0000,8,4258.2216,4865.2443,1,on-off,0,0,0,0,57.6000,0.7120,36,36
360.0000,9,2528.7538,3851.4388,1,constant,1,0,0,36,385.2000,0.3520,36,0
360.0000,10,4475.6132,6205.3027,0,benign,0,0,0,0,50.4000,0.7120,36,36
360.0000,11,2658.6259,4220.4746,0,benign,0,0,0,0,57.6000,0.7120,36,36
360.0000,12,6303.9521,4741.7907,0,benign,0,0,0,0,43.2000,0.7120,36,36
360.0000,13,5085.8889,3858.3906,0,benign,0,0,0,0,50.4000,0.7120,36,36
360.0000,14,3686.3484,3907.8545,0,benign,0,0,0,0,57.6000,0.7120,36,36
370.0000,0,8648.9626,4508.1952,1,constant,1,0,0,37,277.5000,0.3340,37,37
370.0000,1,4648.8922,8844.7557,0,benign,0,0,0,0,51.8000,0.7040,37,37
370.0000,2,4180.6782,7069.4885,0,benign,0,0,0,0,59.2000,0.7040,37,37
370.0000,3,6703.5313,3426.2240,1,constant,1,0,0,37,366.3000,0.3340,37,0
370.0000,4,2990.6232,6972.3982,0,benign,0,0,0,0,51.8000,0.7040,37,37
370.0000,5,1967.8219,5031.7335,1,on-off,0,0,0,0,59.2000,0.7040,37,37
370.0000,6,8386.4299,5969.7503,0,benign,0,0,0,0,44.4000,0.7040,37,37
370.0000,7,7977.3537,1897.5715,0,benign,0,0,0,0,51.8000,0.7040,37,37
370.0000,8,4322.6183,4917.9845,1,on-off,0,0,0,0,59.2000,0.7040,37,37
370.0000,9,2525.4381,3915.1790,1,constant,1,0,0,37,395.9000,0.3340,37,0
370.0000,10,4519.9768,6126.3013,0,benign,0,0,0,0,51.8000,0.7040,37,37
370.0000,11,2691.1562,4273.5699,0,benign,0,0,0,0,59.2000,0.7040,37,37
370.0000,12,6262.9930,4780.2925,0,benign,0,0,0,0,44.4000,0.7040,37,37
370.0000,13,4953.2584,3901.4562,0,benign,0,0,0,0,51.8000,0.7040,37,37
370.0000,14,3603.5526,3984.0402,0,benign,0,0,0,0,59.2000,0.7040,37,37
380.0000,0,8660.9409,4592.4846,1,constant,1,0,0,38,285.0000,0.3160,38,38
380.0000,1,4594.6404,8767.0031,0,benign,0,0,0,0,53.2000,0.6960,38,38
380.0000,2,4158.6135,7104.5049,0,benign,0,0,0,0,60.8000,0.6960,38,38
380.0000,3,6702.4001,3355.7825,1,constant,1,0,0,38,376.2000,0.3160,38,0
380.0000,4,2866.8551,6909.2161,0,benign,0,0,0,0,53.2000,0.6960,38,38
380.0000,5,1975.1610,5081.1047,1,on-off,0,0,0,0,60.8000,0.6960,38,38
380.0000,6,8432.0234,5875.2528,0,benign,0,0,0,0,45.6000,0.6960,38,38
380.0000,7,7988.2213,1926.1300,0,benign,0,0,0,0,53.2000,0.6960,38,38
380.0000,8,4387.0149,4970.7247,1,on-off,0,0,0,0,60.8000,0.6960,38,38
380.0000,9,2522.1224,3978.9192,1,constant,1,0,0,38,406.6000,0.3160,38,0
380.0000,10,4564.3404,6047.3000,0,benign,0,0,0,0,53.2000,0.6960,38,38
380.0000,11,2723.6866,4326.6651,0,benign,0,0,0,0,60.8000,0.6960,38,38
380.0000,12,6222.0340,4818.7942,0,benign,0,0,0,0,45.6000,0.6960,38,38
380.0000,13,4820.6279,3944.5219,0,benign,0,0,0,0,53.2000,0.6960,38,38
380.0000,14,3520.7568,4060.2259,0,benign,0,0,0,0,60.8000,0.6960,38,38
390.0000,0,8672.9191,4676.7741,1,constant,1,0,0,39,292.5000,0.2980,39,39
390.0000,1,4540.3887,8689.2505,0,benign,0,0,0,0,54.6000,0.6880,39,39
390.0000,2,4136.5488,7139.5213,0,benign,0,0,0,0,62.4000,0.6880,39,39
390.0000,3,6701.2689,3285.3410,1,constant,1,0,0,39,386.1000,0.2980,39,0
390.0000,4,2743.0870,6846.0340,0,benign,0,0,0,0,54.6000,0.6880,39,39
390.0000,5,1982.5002,5130.4759,1,on-off,0,0,0,0,62.4000,0.6880,39,39
390.0000,6,8477.6169,5780.7554,0,benign,0,0,0,0,46.8000,0.6880,39,39
390.0000,7,7999.0889,1954.6886,0,benign,0,0,0,0,54.6000,0.6880,39,39
390.0000,8,4451.4116,5023.4649,1,on-off,0,0,0,0,62.4000,0.6880,39,39
390.0000,9,2518.8067,4042.6594,1,constant,1,0,0,39,417.3000,0.2980,39,0
390.0000,10,4604.5255,5975.7395,0,benign,0,0,0,0,54.6000,0.6880,39,39
390.0000,11,2756.2170,4379.7604,0,benign,0,0,0,0,62.4000,0.6880,39,39
390.0000,12,6181.0749,4857.2959,0,benign,0,0,0,0,46.8000,0.6880,39,39
390.0000,13,4687.9974,3987.5876,0,benign,0,0,0,0,54.6000,0.6880,39,39
390.0000,14,3437.9611,4136.4117,0,benign,0,0,0,0,62.4000,0.6880,39,39
400.0000,0,8684.8974,4761.0636,1,constant,1,0,0,40,300.0000,0.2800,40,40
400.0000,1,4486.1370,8611.4978,0,benign,0,0,0,0,56.0000,0.6800,40,40
400.0000,2,4114.4841,7174.5376,0,benign,0,0,0,0,64.0000,0.6800,40,40
400.0000,3,6700.1377,3214.8996,1,constant,1,0,0,40,396.0000,0.2800,40,0
400.0000,4,2619.3189,6782.8519,0,benign,0,0,0,0,56.0000,0.6800,40,40
400.0000,5,1989.8393,5179.8471,1,on-off,0,0,0,0,64.0000,0.6800,40,40
400.0000,6,8523.2103,5686.2580,0,benign,0,0,0,0,48.0000,0.6800,40,40
400.0000,7,8009.9566,1983.2471,0,benign,0,0,0,0,56.0000,0.6800,40,40
400.0000,8,4515.8083,5076.2052,1,on-off,0,0,0,0,64.0000,0.6800,40,40
400.0000,9,2515.4910,4106.3996,1,constant,1,0,0,40,428.0000,0.2800,40,0
400.0000,10,4564.6163,5937.4058,0,benign,0,0,0,0,56.0000,0.6800,40,40
400.0000,11,2788.7474,4432.8557,0,benign,0,0,0,0,64.0000,0.6800,40,40
400.0000,12,6140.1159,4895.7977,0,benign,0,0,0,0,48.0000,0.6800,40,40
400.0000,13,4555.3669,4030.6533,0,benign,0,0,0,0,56.0000,0.6800,40,40
400.0000,14,3355.1653,4212.5974,0,benign,0,0,0,0,64.0000,0.6800,40,40
410.0000,0,8696.8756,4845.3530,1,constant,1,0,0,41,307.5000,0.2620,41,41
410.0000,1,4431.8853,8533.7452,0,benign,0,0,0,0,57.4000,0.6720,41,41
410.0000,2,4092.4195,7209.5540,0,benign,0,0,0,0,65.6000,0.6720,41,41
410.0000,3,6699.0065,3144.4581,1,constant,1,0,0,41,405.9000,0.2620,41,0
410.0000,4,2495.5508,6719.6698,0,benign,0,0,0,0,57.4000,0.6720,41,41
410.0000,5,1997.1785,5229.2183,1,on-off,0,0,0,0,65.6000,0.6720,41,41
410.0000,6,8568.8038,5591.7605,0,benign,0,0,0,0,49.2000,0.6720,41,41
410.0000,7,8020.8242,2011.8056,0,benign,0,0,0,0,57.4000,0.6720,41,41
410.0000,8,4580.2050,5128.9454,1,on-off,0,0,0,0,65.6000,0.6720,41,41
410.0000,9,2512.1754,4170.1398,1,constant,1,0,0,41,438.7000,0.2620,41,0
410.0000,10,4524.4737,5898.8480,0,benign,0,0,0,0,57.4000,0.6720,41,41
410.0000,11,2821.2778,4485.9509,0,benign,0,0,0,0,65.6000,0.6720,41,41
410.0000,12,6099.1568,4934.2994,0,benign,0,0,0,0,49.2000,0.6720,41,41
410.0000,13,4422.7364,4073.7189,0,benign,0,0,0,0,57.4000,0.6720,41,41
410.0000,14,3272.3696,4288.7832,0,benign,0,0,0,0,65.6000,0.6720,41,41
420.0000,0,8708.8539,4929.6425,1,constant,1,0,0,42,315.0000,0.2440,42,42
420.0000,1,4377.6335,8455.9926,0,benign,0,0,0,0,58.8000,0.6640,42,42
420.0000,2,4070.3548,7244.5704,0,benign,0,0,0,0,67.2000,0.6640,42,42
420.0000,3,6697.8753,3074.0167,1,constant,1,0,0,42,415.8000,0.2440,42,0
420.0000,4,2371.7827,6656.4877,0,benign,0,0,0,0,58.8000,0.6640,42,42
420.0000,5,2004.5177,5278.5895,1,on-off,0,0,0,0,67.2000,0.6640,42,42
420.0000,6,8614.3973,5497.2631,0,benign,0,0,0,0,50.4000,0.6640,42,42
420.0000,7,8031.6919,2040.3642,0,benign,0,0,0,0,58.8000,0.6640,42,42
420.0000,8,4644.6016,5181.6856,1,on-off,0,0,0,0,67.2000,0.6640,42,42
420.0000,9,2508.8597,4233.8800,1,constant,1,0,0,42,449.4000,0.2440,42,0
420.0000,10,4484.3311,5860.2902,0,benign,0,0,0,0,58.8000,0.6640,42,42
420.0000,11,2853.8081,4539.0462,0,benign,0,0,0,0,67.2000,0.6640,42,42
420.0000,12,6058.1978,4972.8012,0,benign,0,0,0,0,50.4000,0.6640,42,42
420.0000,13,4290.1058,4116.7846,0,benign,0,0,0,0,58.8000,0.6640,42,42
420.0000,14,3189.5738,4364.9689,0,benign,0,0,0,0,67.2000,0.6640,42,42
430.0000,0,8720.8321,5013.9320,1,constant,1,0,0,43,322.5000,0.2260,43,43
430.0000,1,4323.3818,8378.2400,0,benign,0,0,0,0,60.2000,0.6560,43,43
430.0000,2,4048.2901,7279.5868,0,benign,0,0,0,0,68.8000,0.6560,43,43
430.0000,3,6696.7441,3003.5752,1,constant,1,0,0,43,425.7000,0.2260,43,0
430.0000,4,2248.0146,6593.3057,0,benign,0,0,0,0,60.2000,0.6560,43,43
430.0000,5,2011.8568,5327.9606,1,on-off,0,0,0,0,68.8000,0.6560,43,43
430.0000,6,8659.9908,5402.7657,0,benign,0,0,0,0,51.6000,0.6560,43,43
430.0000,7,8042.5595,2068.9227,0,benign,0,0,0,0,60.2000,0.6560,43,43
430.0000,8,4708.9983,5234.4258,1,on-off,0,0,0,0,68.8000,0.6560,43,43
430.0000,9,2505.5440,4297.6202,1,constant,1,0,0,43,460.1000,0.2260,43,0
430.0000,10,4444.1884,5821.7323,0,benign,0,0,0,0,60.2000,0.6560,43,43
430.0000,11,2886.3385,4592.1414,0,benign,0,0,0,0,68.8000,0.6560,43,43
430.0000,12,6017.2387,5011.3029,0,benign,0,0,0,0,51.6000,0.6560,43,43
430.0000,13,4157.4753,4159.8503,0,benign,0,0,0,0,60.2000,0.6560,43,43
430.0000,14,3106.7780,4441.1547,0,benign,0,0,0,0,68.8000,0.6560,43,43
440.0000,0,8732.8103,5098.2214,1,constant,1,0,0,44,330.0000,0.2080,44,44
440.0000,1,4269.1301,8300.4874,0,benign,0,0,0,0,61.6000,0.6480,44,44
440.0000,2,4026.2254,7314.6032,0,benign,0,0,0,0,70.4000,0.6480,44,44
440.0000,3,6695.6129,2933.1337,1,constant,1,0,0,44,435.6000,0.2080,44,0
440.0000,4,2124.2466,6530.1236,0,benign,0,0,0,0,61.6000,0.6480,44,44
440.0000,5,2019.1960,5377.3318,1,on-off,0,0,0,0,70.4000,0.6480,44,44
440.0000,6,8705.5842,5308.2682,0,benign,0,0,0,0,52.8000,0.6480,44,44
440.0000,7,8053.4272,2097.4813,0,benign,0,0,0,0,61.6000,0.6480,44,44
440.0000,8,4773.3950,5287.1661,1,on-off,0,0,0,0,70.4000,0.6480,44,44
440.0000,9,2502.2283,4361.3604,1,constant,1,0,0,44,470.8000,0.2080,44,0
440.0000,10,4404.0458,5783.1745,0,benign,0,0,0,0,61.6000,0.6480,44,44
440.0000,11,2918.8689,4645.2367,0,benign,0,0,0,0,70.4000,0.6480,44,44
440.0000,12,5976.2797,5049.8047,0,benign,0,0,0,0,52.8000,0.6480,44,44
440.0000,13,4024.8448,4202.9159,0,benign,0,0,0,0,61.6000,0.6480,44,44
440.0000,14,3023.9823,4517.3404,0,benign,0,0,0,0,70.4000,0.6480,44,44
450.0000,0,8744.7886,5182.5109,1,constant,1,0,0,45,337.5000,0.1900,45,45
450.0000,1,4214.8784,8222.7348,0,benign,0,0,0,0,63.0000,0.6400,45,45
450.0000,2,4004.1607,7349.6195,0,benign,0,0,0,0,72.0000,0.6400,45,45
450.0000,3,6694.4817,2862.6923,1,constant,1,0,0,45,445.5000,0.1900,45,0
450.0000,4,2000.4785,6466.9415,0,benign,0,0,0,0,63.0000,0.6400,45,45
450.0000,5,2026.5351,5426.7030,1,on-off,0,0,0,0,72.0000,0.6400,45,45
450.0000,6,8751.1777,5213.7708,0,benign,0,0,0,0,54.0000,0.6400,45,45
450.0000,7,8064.2948,2126.0398,0,benign,0,0,0,0,63.0000,0.6400,45,45
450.0000,8,4837.7917,5339.9063,1,on-off,0,0,0,0,72.0000,0.6400,45,45
450.0000,9,2498.9126,4425.1006,1,constant,1,0,0,45,481.5000,0.1900,45,0
450.0000,10,4363.9032,5744.6167,0,benign,0,0,0,0,63.0000,0.6400,45,45
450.0000,11,2951.3993,4698.3320,0,benign,0,0,0,0,72.0000,0.6400,45,45
450.0000,12,5935.3207,5088.3064,0,benign,0,0,0,0,54.0000,0.6400,45,45
450.0000,13,3892.2143,4245.9816,0,benign,0,0,0,0,63.0000,0.6400,45,45
450.0000,14,2941.1865,4593.5262,0,benign,0,0,0,0,72.0000,0.6400,45,45
460.0000,0,8756.7668,5266.8003,1,constant,1,0,0,46,345.0000,0.1720,46,46
460.0000,1,4160.6266,8144.9822,0,benign,0,0,0,0,64.4000,0.6320,46,46
460.0000,2,3982.0960,7384.6359,0,benign,0,0,0,0,73.6000,0.6320,46,46
460.0000,3,6693.3505,2792.2508,1,constant,1,0,0,46,455.4000,0.1720,46,0
460.0000,4,1876.7104,6403.7594,0,benign,0,0,0,0,64.4000,0.6320,46,46
460.0000,5,2033.8743,5476.0742,1,on-off,0,0,0,0,73.6000,0.6320,46,46
460.0000,6,8796.7712,5119.2734,0,benign,0,0,0,0,55.2000,0.6320,46,46
460.0000,7,8075.1625,2154.5984,0,benign,0,0,0,0,64.4000,0.6320,46,46
460.0000,8,4902.1883,5392.6465,1,on-off,0,0,0,0,73.6000,0.6320,46,46
460.0000,9,2495.5969,4488.8408,1,constant,1,0,0,46,492.2000,0.1720,46,0
460.0000,10,4323.7606,5706.0589,0,benign,0,0,0,0,64.4000,0.6320,46,46
460.0000,11,2983.9297,4751.4272,0,benign,0,0,0,0,73.6000,0.6320,46,46
460.0000,12,5894.3616,5126.8082,0,benign,0,0,0,0,55.2000,0.6320,46,46
460.0000,13,3759.5838,4289.0473,0,benign,0,0,0,0,64.4000,0.6320,46,46
460.0000,14,2858.3908,4669.7119,0,benign,0,0,0,0,73.6000,0.6320,46,46
470.0000,0,8768.7451,5351.0898,1,constant,1,0,0,47,352.5000,0.1540,47,47
470.0000,1,4106.3749,8067.2296,0,benign,0,0,0,0,65.8000,0.6240,47,47
470.0000,2,3960.0313,7419.6523,0,benign,0,0,0,0,75.2000,0.6240,47,47
470.0000,3,6692.2193,2721.8093,1,constant,1,0,0,47,465.3000,0.1540,47,0
470.0000,4,1935.0031,6433.4341,0,benign,0,0,0,0,65.8000,0.6240,47,47
470.0000,5,2041.2134,5525.4454,1,on-off,0,0,0,0,75.2000,0.6240,47,47
470.0000,6,8842.3647,5024.7759,0,benign,0,0,0,0,56.4000,0.6240,47,47
470.0000,7,8086.0301,2183.1569,0,benign,0,0,0,0,65.8000,0.6240,47,47
470.0000,8,4966.5850,5445.3867,1,on-off,0,0,0,0,75.2000,0.6240,47,47
470.0000,9,2492.2812,4552.5810,1,constant,1,0,0,47,502.9000,0.1540,47,0
470.0000,10,4283.6180,5667.5010,0,benign,0,0,0,0,65.8000,0.6240,47,47
470.0000,11,3016.4601,4804.5225,0,benign,0,0,0,0,75.2000,0.6240,47,47
470.0000,12,5853.4026,5165.3099,0,benign,0,0,0,0,56.4000,0.6240,47,47
470.0000,13,3626.9533,4332.1130,0,benign,0,0,0,0,65.8000,0.6240,47,47
470.0000,14,2775.5950,4745.8977,0,benign,0,0,0,0,75.2000,0.6240,47,47
480.0000,0,8780.7233,5435.3793,1,constant,1,0,0,48,360.0000,0.1360,48,48
480.0000,1,4052.1232,7989.4770,0,benign,0,0,0,0,67.2000,0.6160,48,48
480.0000,2,3937.9667,7454.6687,0,benign,0,0,0,0,76.8000,0.6160,48,48
480.0000,3,6691.0881,2651.3679,1,constant,1,0,0,48,475.2000,0.1360,48,0
480.0000,4,2060.4892,6497.3714,0,benign,0,0,0,0,67.2000,0.6160,48,48
480.0000,5,2048.5526,5574.8166,1,on-off,0,0,0,0,76.8000,0.6160,48,48
480.0000,6,8887.9582,4930.2785,0,benign,0,0,0,0,57.6000,0.6160,48,48
480.0000,7,8096.8978,2211.7155,0,benign,0,0,0,0,67.2000,0.6160,48,48
480.0000,8,5030.9817,5498.1270,1,on-off,0,0,0,0,76.8000,0.6160,48,48
480.0000,9,2488.9655,4616.3213,1,constant,1,0,0,48,513.6000,0.1360,48,0
480.0000,10,4243.4754,5628.9432,0,benign,0,0,0,0,67.2000,0.6160,48,48
480.0000,11,3048.9904,4857.6177,0,benign,0,0,0,0,76.8000,0.6160,48,48
480.0000,12,5812.4435,5203.8117,0,benign,0,0,0,0,57.6000,0.6160,48,48
480.0000,13,3494.3227,4375.1786,0,benign,0,0,0,0,67.2000,0.6160,48,48
480.0000,14,2692.7992,4822.0834,0,benign,0,0,0,0,76.8000,0.6160,48,48
490.0000,0,8792.7016,5519.6687,1,constant,1,0,0,49,367.5000,0.1180,49,49
490.0000,1,3997.8715,7911.7244,0,benign,0,0,0,0,68.6000,0.6080,49,49
490.0000,2,3915.9020,7489.6851,0,benign,0,0,0,0,78.4000,0.6080,49,49
490.0000,3,6689.9569,2580.9264,1,constant,1,0,0,49,485.1000,0.1180,49,0
490.0000,4,2185.9754,6561.3086,0,benign,0,0,0,0,68.6000,0.6080,49,49
490.0000,5,2055.8917,5624.1877,1,on-off,0,0,0,0,78.4000,0.6080,49,49
490.0000,6,8933.5516,4835.7810,0,benign,0,0,0,0,58.8000,0.6080,49,49
490.0000,7,8107.7654,2240.2740,0,benign,0,0,0,0,68.6000,0.6080,49,49
490.0000,8,5095.3783,5550.8672,1,on-off,0,0,0,0,78.4000,0.6080,49,49
490.0000,9,2485.6498,4680.0615,1,constant,1,0,0,49,524.3000,0.1180,49,0
490.0000,10,4203.3328,5590.3854,0,benign,0,0,0,0,68.6000,0.6080,49,49
490.0000,11,3081.5208,4910.7130,0,benign,0,0,0,0,78.4000,0.6080,49,49
490.0000,12,5771.4845,5242.3134,0,benign,0,0,0,0,58.8000,0.6080,49,49
490.0000,13,3361.6922,4418.2443,0,benign,0,0,0,0,68.6000,0.6080,49,49
490.0000,14,2610.0035,4898.2691,0,benign,0,0,0,0,78.4000,0.6080,49,49
