time_s,node_id,is_malicious,attack_type,T1,T2,T3,T4,T5
10.0,0,1,constant,0.3681952662721893,0.85,0.982,1.0,0.7748078106508877
10.0,1,0,benign,0.9240631163708086,1.0,0.992,1.0,0.8034425246548325
10.0,2,0,benign,0.9132149901380671,1.0,0.992,1.0,0.8030085996055227
10.0,3,1,constant,0.23801775147928989,0.85,0.982,0.5,0.7496007100591716
10.0,4,0,benign,0.9240631163708086,1.0,0.992,1.0,0.8034425246548325
10.0,5,1,on-off,0.9132149901380671,1.0,0.992,1.0,0.8030085996055227
10.0,6,0,benign,0.9349112426035503,1.0,0.992,1.0,0.8038764497041421
10.0,7,0,benign,0.9240631163708086,1.0,0.992,1.0,0.8034425246548325
10.0,8,1,on-off,0.9132149901380671,1.0,0.992,1.0,0.8030085996055227
10.0,9,1,constant,0.225,0.85,0.982,0.5,0.7490800000000001
10.0,10,0,benign,0.9240631163708086,1.0,0.992,1.0,0.8034425246548325
10.0,11,0,benign,0.9132149901380671,1.0,0.992,1.0,0.8030085996055227
10.0,12,0,benign,0.9349112426035503,1.0,0.992,1.0,0.8038764497041421
10.0,13,0,benign,0.9240631163708086,1.0,0.992,1.0,0.8034425246548325
10.0,14,0,benign,0.9132149901380671,1.0,0.992,1.0,0.8030085996055227
20.0,0,1,constant,0.2931952662721893,0.7999999999999999,0.964,1.0,0.7731263715976332
20.0,1,0,benign,0.9240631163708086,1.0,0.984,1.0,0.8312142453648916
20.0,2,0,benign,0.9132149901380671,1.0,0.984,1.0,0.8304158232741617
20.0,3,1,constant,0.1630177514792899,0.7999999999999999,0.964,0.3333333333333333,0.7200786398422091
20.0,4,0,benign,0.9240631163708086,1.0,0.984,1.0,0.8312142453648916
20.0,5,1,on-off,0.9132149901380671,1.0,0.984,1.0,0.8304158232741617
20.0,6,0,benign,0.9349112426035503,1.0,0.984,1.0,0.8320126674556213
20.0,7,0,benign,0.9240631163708086,1.0,0.984,1.0,0.8312142453648916
20.0,8,1,on-off,0.9132149901380671,1.0,0.984,1.0,0.8304158232741617
20.0,9,1,constant,0.15000000000000002,0.7999999999999999,0.964,0.3333333333333333,0.7191205333333335
20.0,10,0,benign,0.9240631163708086,1.0,0.984,1.0,0.8312142453648916
20.0,11,0,benign,0.9132149901380671,1.0,0.984,1.0,0.8304158232741617
20.0,12,0,benign,0.9349112426035503,1.0,0.984,1.0,0.8320126674556213
20.0,13,0,benign,0.9240631163708086,1.0,0.984,1.0,0.8312142453648916
20.0,14,0,benign,0.9132149901380671,1.0,0.984,1.0,0.8304158232741617
30.0,0,1,constant,0.25569526627218936,0.7749999999999999,0.946,1.0,0.7684939627928994
30.0,1,0,benign,0.9240631163708086,1.0,0.976,1.0,0.8542224907613413
30.0,2,0,benign,0.9132149901380671,1.0,0.976,1.0,0.8531178911558186
30.0,3,1,constant,0.12551775147928995,0.7749999999999999,0.946,0.25,0.6887267675266272
30.0,4,0,benign,0.9240631163708086,1.0,0.976,1.0,0.8542224907613413
30.0,5,1,on-off,0.9132149901380671,1.0,0.976,1.0,0.8531178911558186
30.0,6,0,benign,0.9349112426035503,1.0,0.976,1.0,0.8553270903668639
30.0,7,0,benign,0.9240631163708086,1.0,0.976,1.0,0.8542224907613413
30.0,8,1,on-off,0.9132149901380671,1.0,0.976,1.0,0.8531178911558186
30.0,9,1,constant,0.1125,0.7749999999999999,0.946,0.25,0.687401248
30.0,10,0,benign,0.9240631163708086,1.0,0.976,1.0,0.8542224907613413
30.0,11,0,benign,0.9132149901380671,1.0,0.976,1.0,0.8531178911558186
30.0,12,0,benign,0.9349112426035503,1.0,0.976,1.0,0.8553270903668639
30.0,13,0,benign,0.9240631163708086,1.0,0.976,1.0,0.8542224907613413
30.0,14,0,benign,0.9132149901380671,1.0,0.976,1.0,0.8531178911558186
40.0,0,1,constant,0.23319526627218928,0.7599999999999999,0.928,1.0,0.762382739396923
40.0,1,0,benign,0.9240631163708086,1.0,0.968,1.0,0.873229416894359
40.0,2,0,benign,0.9132149901380671,1.0,0.968,1.0,0.8718676281764103
40.0,3,1,constant,0.10301775147928988,0.7599999999999999,0.928,0.2,0.6581711947815384
40.0,4,0,benign,0.9240631163708086,1.0,0.968,1.0,0.873229416894359
40.0,5,1,on-off,0.9132149901380671,1.0,0.968,1.0,0.8718676281764103
40.0,6,0,benign,0.9349112426035503,1.0,0.968,1.0,0.8745912056123077
40.0,7,0,benign,0.9240631163708086,1.0,0.968,1.0,0.873229416894359
40.0,8,1,on-off,0.9132149901380671,1.0,0.968,1.0,0.8718676281764103
40.0,9,1,constant,0.08999999999999998,0.7599999999999999,0.928,0.2,0.6565370483199999
40.0,10,0,benign,0.9240631163708086,1.0,0.968,1.0,0.873229416894359
40.0,11,0,benign,0.9132149901380671,1.0,0.968,1.0,0.8718676281764103
40.0,12,0,benign,0.9349112426035503,1.0,0.968,1.0,0.8745912056123077
40.0,13,0,benign,0.9240631163708086,1.0,0.968,1.0,0.873229416894359
40.0,14,0,benign,0.9132149901380671,1.0,0.968,1.0,0.8718676281764103
50.0,0,1,constant,0.21819526627218927,0.75,0.91,1.0,0.7555293117443029
50.0,1,0,benign,0.9240631163708086,1.0,0.96,1.0,0.8888752348460939
50.0,2,0,benign,0.9132149901380671,1.0,0.96,1.0,0.8872974072737073
50.0,3,1,constant,0.08801775147928986,0.75,0.91,0.16666666666666666,0.6294511803423305
50.0,4,0,benign,0.9240631163708086,1.0,0.96,1.0,0.8888752348460939
50.0,5,1,on-off,0.9132149901380671,1.0,0.96,1.0,0.8872974072737073
50.0,6,0,benign,0.9349112426035503,1.0,0.96,1.0,0.8904530624184805
50.0,7,0,benign,0.9240631163708086,1.0,0.96,1.0,0.8888752348460939
50.0,8,1,on-off,0.9132149901380671,1.0,0.96,1.0,0.8872974072737073
50.0,9,1,constant,0.07499999999999998,0.75,0.91,0.16666666666666666,0.6275577872554666
50.0,10,0,benign,0.9240631163708086,1.0,0.96,1.0,0.8888752348460939
50.0,11,0,benign,0.9132149901380671,1.0,0.96,1.0,0.8872974072737073
50.0,12,0,benign,0.9349112426035503,1.0,0.96,1.0,0.8904530624184805
50.0,13,0,benign,0.9240631163708086,1.0,0.96,1.0,0.8888752348460939
50.0,14,0,benign,0.9132149901380671,1.0,0.96,1.0,0.8872974072737073
60.0,0,1,constant,0.20748098055790368,0.7428571428571429,0.892,1.0,0.7483381468018163
60.0,1,0,benign,0.9240631163708086,1.0,0.952,1.0,0.9016977219255512
60.0,2,0,benign,0.9132149901380671,1.0,0.952,1.0,0.8999384217154369
60.0,3,1,constant,0.07730346576500426,0.7428571428571429,0.892,0.14285714285714285,0.6029397015467293
60.0,4,0,benign,0.9240631163708086,1.0,0.952,1.0,0.9016977219255512
60.0,5,1,on-off,0.9132149901380671,1.0,0.952,1.0,0.8999384217154369
60.0,6,0,benign,0.9349112426035503,1.0,0.952,1.0,0.9034570221356657
60.0,7,0,benign,0.9240631163708086,1.0,0.952,1.0,0.9016977219255512
60.0,8,1,on-off,0.9132149901380671,1.0,0.952,1.0,0.8999384217154369
60.0,9,1,constant,0.06428571428571431,0.7428571428571429,0.892,0.14285714285714285,0.600828541294592
60.0,10,0,benign,0.9240631163708086,1.0,0.952,1.0,0.9016977219255512
60.0,11,0,benign,0.9132149901380671,1.0,0.952,1.0,0.8999384217154369
60.0,12,0,benign,0.9349112426035503,1.0,0.952,1.0,0.9034570221356657
60.0,13,0,benign,0.9240631163708086,1.0,0.952,1.0,0.9016977219255512
60.0,14,0,benign,0.9132149901380671,1.0,0.952,1.0,0.8999384217154369
70.0,0,1,constant,0.19944526627218928,0.7374999999999999,0.874,1.0,0.7410418539644132
70.0,1,0,benign,0.9240631163708086,1.0,0.944,1.0,0.9121486110722954
70.0,2,0,benign,0.9132149901380671,1.0,0.944,1.0,0.9102368738464897
70.0,3,1,constant,0.06926775147928989,0.7374999999999999,0.874,0.125,0.5787000593584242
70.0,4,0,benign,0.9240631163708086,1.0,0.944,1.0,0.9121486110722954
70.0,5,1,on-off,0.9132149901380671,1.0,0.944,1.0,0.9102368738464897
70.0,6,0,benign,0.9349112426035503,1.0,0.944,1.0,0.9140603482981011
70.0,7,0,benign,0.9240631163708086,1.0,0.944,1.0,0.9121486110722954
70.0,8,1,on-off,0.9132149901380671,1.0,0.944,1.0,0.9102368738464897
70.0,9,1,constant,0.05625,0.7374999999999999,0.874,0.125,0.5764059746874572
70.0,10,0,benign,0.9240631163708086,1.0,0.944,1.0,0.9121486110722954
70.0,11,0,benign,0.9132149901380671,1.0,0.944,1.0,0.9102368738464897
70.0,12,0,benign,0.9349112426035503,1.0,0.944,1.0,0.9140603482981011
70.0,13,0,benign,0.9240631163708086,1.0,0.944,1.0,0.9121486110722954
70.0,14,0,benign,0.9132149901380671,1.0,0.944,1.0,0.9102368738464897
80.0,0,1,constant,0.1931952662721893,0.7333333333333333,0.856,1.0,0.733776301314328
80.0,1,0,benign,0.9240631163708086,1.0,0.936,1.0,0.9206073579555605
80.0,2,0,benign,0.9132149901380671,1.0,0.936,1.0,0.9185675736365739
80.0,3,1,constant,0.06301775147928991,0.7333333333333333,0.856,0.1111111111111111,0.5566465376980256
80.0,4,0,benign,0.9240631163708086,1.0,0.936,1.0,0.9206073579555605
80.0,5,1,on-off,0.9132149901380671,1.0,0.936,1.0,0.9185675736365739
80.0,6,0,benign,0.9349112426035503,1.0,0.936,1.0,0.9226471422745469
80.0,7,0,benign,0.9240631163708086,1.0,0.936,1.0,0.9206073579555605
80.0,8,1,on-off,0.9132149901380671,1.0,0.936,1.0,0.9185675736365739
80.0,9,1,constant,0.050000000000000024,0.7333333333333333,0.856,0.1111111111111111,0.5541987965152418
80.0,10,0,benign,0.9240631163708086,1.0,0.936,1.0,0.9206073579555605
80.0,11,0,benign,0.9132149901380671,1.0,0.936,1.0,0.9185675736365739
80.0,12,0,benign,0.9349112426035503,1.0,0.936,1.0,0.9226471422745469
80.0,13,0,benign,0.9240631163708086,1.0,0.936,1.0,0.9206073579555605
80.0,14,0,benign,0.9132149901380671,1.0,0.936,1.0,0.9185675736365739
90.0,0,1,constant,0.18819526627218927,0.73,0.838,1.0,0.7266199037549231
90.0,1,0,benign,0.9240631163708086,1.0,0.928,1.0,0.9273927053375032
90.0,2,0,benign,0.9132149901380671,1.0,0.928,1.0,0.9252453614602447
90.0,3,1,constant,0.05801775147928994,0.73,0.838,0.1,0.5366238017255132
90.0,4,0,benign,0.9240631163708086,1.0,0.928,1.0,0.9273927053375032
90.0,5,1,on-off,0.9132149901380671,1.0,0.928,1.0,0.9252453614602447
90.0,6,0,benign,0.9349112426035503,1.0,0.928,1.0,0.9295400492147614
90.0,7,0,benign,0.9240631163708086,1.0,0.928,1.0,0.9273927053375032
90.0,8,1,on-off,0.9132149901380671,1.0,0.928,1.0,0.9252453614602447
90.0,9,1,constant,0.04499999999999999,0.73,0.838,0.1,0.5340469890728031
90.0,10,0,benign,0.9240631163708086,1.0,0.928,1.0,0.9273927053375032
90.0,11,0,benign,0.9132149901380671,1.0,0.928,1.0,0.9252453614602447
90.0,12,0,benign,0.9349112426035503,1.0,0.928,1.0,0.9295400492147614
90.0,13,0,benign,0.9240631163708086,1.0,0.928,1.0,0.9273927053375032
90.0,14,0,benign,0.9132149901380671,1.0,0.928,1.0,0.9252453614602447
100.0,0,1,constant,0.1841043571812802,0.7272727272727273,0.82,1.0,0.7196158025322957
100.0,1,0,benign,0.9240631163708086,1.0,0.92,1.0,0.932772397138335
100.0,2,0,benign,0.9132149901380671,1.0,0.92,1.0,0.9305347032321283
100.0,3,1,constant,0.05392684238838081,0.7272727272727273,0.82,0.09090909090909091,0.518448339872239
100.0,4,0,benign,0.9240631163708086,1.0,0.92,1.0,0.932772397138335
100.0,5,1,on-off,0.9132149901380671,1.0,0.92,1.0,0.9305347032321283
100.0,6,0,benign,0.9349112426035503,1.0,0.92,1.0,0.9350100910445416
100.0,7,0,benign,0.9240631163708086,1.0,0.92,1.0,0.932772397138335
100.0,8,1,on-off,0.9132149901380671,1.0,0.92,1.0,0.9305347032321283
100.0,9,1,constant,0.04090909090909092,0.7272727272727273,0.82,0.09090909090909091,0.515763107184791
100.0,10,0,benign,0.9240631163708086,1.0,0.92,1.0,0.932772397138335
100.0,11,0,benign,0.9132149901380671,1.0,0.92,1.0,0.9305347032321283
100.0,12,0,benign,0.9349112426035503,1.0,0.92,1.0,0.9350100910445416
100.0,13,0,benign,0.9240631163708086,1.0,0.92,1.0,0.932772397138335
100.0,14,0,benign,0.9132149901380671,1.0,0.92,1.0,0.9305347032321283
110.0,0,1,constant,0.1806952662721894,0.725,0.802,1.0,0.7127850847780159
110.0,1,0,benign,0.9240631163708086,1.0,0.912,1.0,0.9369713382510338
110.0,2,0,benign,0.9132149901380671,1.0,0.912,1.0,0.9346577503205105
110.0,3,1,constant,0.050517751479289906,0.725,0.802,0.08333333333333333,0.5019306488851857
110.0,4,0,benign,0.9240631163708086,1.0,0.912,1.0,0.9369713382510338
110.0,5,1,on-off,0.9132149901380671,1.0,0.912,1.0,0.9346577503205105
110.0,6,0,benign,0.9349112426035503,1.0,0.912,1.0,0.9392849261815569
110.0,7,0,benign,0.9240631163708086,1.0,0.912,1.0,0.9369713382510338
110.0,8,1,on-off,0.9132149901380671,1.0,0.912,1.0,0.9346577503205105
110.0,9,1,constant,0.03750000000000002,0.725,0.802,0.08333333333333333,0.49915434336855774
110.0,10,0,benign,0.9240631163708086,1.0,0.912,1.0,0.9369713382510338
110.0,11,0,benign,0.9132149901380671,1.0,0.912,1.0,0.9346577503205105
110.0,12,0,benign,0.9349112426035503,1.0,0.912,1.0,0.9392849261815569
110.0,13,0,benign,0.9240631163708086,1.0,0.912,1.0,0.9369713382510338
110.0,14,0,benign,0.9132149901380671,1.0,0.912,1.0,0.9346577503205105
120.0,0,1,constant,0.17781065088757397,0.7230769230769231,0.784,1.0,0.7061349741721132
120.0,1,0,benign,0.9240631163708086,1.0,0.904,1.0,0.9401784487857008
120.0,2,0,benign,0.9132149901380671,1.0,0.904,1.0,0.9378011098747515
120.0,3,1,constant,0.047633136094674546,0.7230769230769231,0.784,0.07692307692307693,0.4868870705073429
120.0,4,0,benign,0.9240631163708086,1.0,0.904,1.0,0.9401784487857008
120.0,5,1,on-off,0.9132149901380671,1.0,0.904,1.0,0.9378011098747515
120.0,6,0,benign,0.9349112426035503,1.0,0.904,1.0,0.9425557876966498
120.0,7,0,benign,0.9240631163708086,1.0,0.904,1.0,0.9401784487857008
120.0,8,1,on-off,0.9132149901380671,1.0,0.904,1.0,0.9378011098747515
120.0,9,1,constant,0.034615384615384596,0.7230769230769231,0.784,0.07692307692307693,0.4840342638142039
120.0,10,0,benign,0.9240631163708086,1.0,0.904,1.0,0.9401784487857008
120.0,11,0,benign,0.9132149901380671,1.0,0.904,1.0,0.9378011098747515
120.0,12,0,benign,0.9349112426035503,1.0,0.904,1.0,0.9425557876966498
120.0,13,0,benign,0.9240631163708086,1.0,0.904,1.0,0.9401784487857008
120.0,14,0,benign,0.9132149901380671,1.0,0.904,1.0,0.9378011098747515
130.0,0,1,constant,0.1753381234150465,0.7214285714285714,0.766,1.0,0.6996640460983199
130.0,1,0,benign,0.9240631163708086,1.0,0.896,1.0,0.942552421634821
130.0,2,0,benign,0.9132149901380671,1.0,0.896,1.0,0.940121531900314
130.0,3,1,constant,0.04516060862214708,0.7214285714285714,0.766,0.07142857142857142,0.47314584928533965
130.0,4,0,benign,0.9240631163708086,1.0,0.896,1.0,0.942552421634821
130.0,5,1,on-off,0.9132149901380671,1.0,0.896,1.0,0.940121531900314
130.0,6,0,benign,0.9349112426035503,1.0,0.896,1.0,0.9449833113693279
130.0,7,0,benign,0.9240631163708086,1.0,0.896,1.0,0.942552421634821
130.0,8,1,on-off,0.9132149901380671,1.0,0.896,1.0,0.940121531900314
130.0,9,1,constant,0.03214285714285713,0.7214285714285714,0.766,0.07142857142857142,0.4702287816039313
130.0,10,0,benign,0.9240631163708086,1.0,0.896,1.0,0.942552421634821
130.0,11,0,benign,0.9132149901380671,1.0,0.896,1.0,0.940121531900314
130.0,12,0,benign,0.9349112426035503,1.0,0.896,1.0,0.9449833113693279
130.0,13,0,benign,0.9240631163708086,1.0,0.896,1.0,0.942552421634821
130.0,14,0,benign,0.9132149901380671,1.0,0.896,1.0,0.940121531900314
140.0,0,1,constant,0.17319526627218929,0.72,0.748,1.0,0.6933656093734762
140.0,1,0,benign,0.9240631163708086,1.0,0.888,1.0,0.9442265588280819
140.0,2,0,benign,0.9132149901380671,1.0,0.888,1.0,0.9417506864017865
140.0,3,1,constant,0.04301775147928988,0.72,0.748,0.06666666666666667,0.46054989012552355
140.0,4,0,benign,0.9240631163708086,1.0,0.888,1.0,0.9442265588280819
140.0,5,1,on-off,0.9132149901380671,1.0,0.888,1.0,0.9417506864017865
140.0,6,0,benign,0.9349112426035503,1.0,0.888,1.0,0.9467024312543775
140.0,7,0,benign,0.9240631163708086,1.0,0.888,1.0,0.9442265588280819
140.0,8,1,on-off,0.9132149901380671,1.0,0.888,1.0,0.9417506864017865
140.0,9,1,constant,0.029999999999999995,0.72,0.748,0.06666666666666667,0.4575788432139689
140.0,10,0,benign,0.9240631163708086,1.0,0.888,1.0,0.9442265588280819
140.0,11,0,benign,0.9132149901380671,1.0,0.888,1.0,0.9417506864017865
140.0,12,0,benign,0.9349112426035503,1.0,0.888,1.0,0.9467024312543775
140.0,13,0,benign,0.9240631163708086,1.0,0.888,1.0,0.9442265588280819
140.0,14,0,benign,0.9132149901380671,1.0,0.888,1.0,0.9417506864017865
150.0,0,1,constant,0.17132026627218938,0.71875,0.73,1.0,0.6872299225246076
150.0,1,0,benign,0.9240631163708086,1.0,0.88,1.0,0.9453128340704212
150.0,2,0,benign,0.9132149901380671,1.0,0.88,1.0,0.9427991761830232
150.0,3,1,constant,0.041142751479289946,0.71875,0.73,0.0625,0.4489576177646114
150.0,4,0,benign,0.9240631163708086,1.0,0.88,1.0,0.9453128340704212
150.0,5,1,on-off,0.9132149901380671,1.0,0.88,1.0,0.9427991761830232
150.0,6,0,benign,0.9349112426035503,1.0,0.88,1.0,0.947826491957819
150.0,7,0,benign,0.9240631163708086,1.0,0.88,1.0,0.9453128340704212
150.0,8,1,on-off,0.9132149901380671,1.0,0.88,1.0,0.9427991761830232
150.0,9,1,constant,0.028125,0.71875,0.73,0.0625,0.44594122829973387
150.0,10,0,benign,0.9240631163708086,1.0,0.88,1.0,0.9453128340704212
150.0,11,0,benign,0.9132149901380671,1.0,0.88,1.0,0.9427991761830232
150.0,12,0,benign,0.9349112426035503,1.0,0.88,1.0,0.947826491957819
150.0,13,0,benign,0.9240631163708086,1.0,0.88,1.0,0.9453128340704212
150.0,14,0,benign,0.9132149901380671,1.0,0.88,1.0,0.9427991761830232
160.0,0,1,constant,0.16966585450748342,0.7176470588235294,0.712,1.0,0.6812456514539109
160.0,1,0,benign,0.9240631163708086,1.0,0.872,1.0,0.9459053052739862
160.0,2,0,benign,0.9132149901380671,1.0,0.872,1.0,0.9433599075992622
160.0,3,1,constant,0.039488339714584014,0.7176470588235294,0.712,0.058823529411764705,0.4382427560402687
160.0,4,0,benign,0.9240631163708086,1.0,0.872,1.0,0.9459053052739862
160.0,5,1,on-off,0.9132149901380671,1.0,0.872,1.0,0.9433599075992622
160.0,6,0,benign,0.9349112426035503,1.0,0.872,1.0,0.9484507029487099
160.0,7,0,benign,0.9240631163708086,1.0,0.872,1.0,0.9459053052739862
160.0,8,1,on-off,0.9132149901380671,1.0,0.872,1.0,0.9433599075992622
160.0,9,1,constant,0.026470588235294124,0.7176470588235294,0.712,0.058823529411764705,0.43518827883059996
160.0,10,0,benign,0.9240631163708086,1.0,0.872,1.0,0.9459053052739862
160.0,11,0,benign,0.9132149901380671,1.0,0.872,1.0,0.9433599075992622
160.0,12,0,benign,0.9349112426035503,1.0,0.872,1.0,0.9484507029487099
160.0,13,0,benign,0.9240631163708086,1.0,0.872,1.0,0.9459053052739862
160.0,14,0,benign,0.9132149901380671,1.0,0.872,1.0,0.9433599075992622
170.0,0,1,constant,0.1681952662721894,0.7166666666666667,0.694,1.0,0.6754008245388394
170.0,1,0,benign,0.9240631163708086,1.0,0.864,1.0,0.9460829810849808
170.0,2,0,benign,0.9132149901380671,1.0,0.864,1.0,0.943510921988903
170.0,3,1,constant,0.0380177514792899,0.7166666666666667,0.694,0.05555555555555555,0.4282935140218862
170.0,4,0,benign,0.9240631163708086,1.0,0.864,1.0,0.9460829810849808
170.0,5,1,on-off,0.9132149901380671,1.0,0.864,1.0,0.943510921988903
170.0,6,0,benign,0.9349112426035504,1.0,0.864,1.0,0.9486550401810583
170.0,7,0,benign,0.9240631163708086,1.0,0.864,1.0,0.9460829810849808
170.0,8,1,on-off,0.9132149901380671,1.0,0.864,1.0,0.943510921988903
170.0,9,1,constant,0.025000000000000012,0.7166666666666667,0.694,0.05555555555555555,0.42520704310659285
170.0,10,0,benign,0.9240631163708086,1.0,0.864,1.0,0.9460829810849808
170.0,11,0,benign,0.9132149901380671,1.0,0.864,1.0,0.943510921988903
170.0,12,0,benign,0.9349112426035504,1.0,0.864,1.0,0.9486550401810583
170.0,13,0,benign,0.9240631163708086,1.0,0.864,1.0,0.9460829810849808
170.0,14,0,benign,0.9132149901380671,1.0,0.864,1.0,0.943510921988903
180.0,0,1,constant,0.1668794767985051,0.7157894736842105,0.676,1.0,0.6696834506319338
180.0,1,0,benign,0.9240631163708086,1.0,0.856,1.0,0.9459122287662163
180.0,2,0,benign,0.9132149901380671,1.0,0.856,1.0,0.9433177740762011
180.0,3,1,constant,0.036701962005605764,0.7157894736842105,0.676,0.05263157894736842,0.4190114723638718
180.0,4,0,benign,0.9240631163708086,1.0,0.856,1.0,0.9459122287662163
180.0,5,1,on-off,0.9132149901380671,1.0,0.856,1.0,0.9433177740762011
180.0,6,0,benign,0.9349112426035503,1.0,0.856,1.0,0.9485066834562309
180.0,7,0,benign,0.9240631163708086,1.0,0.856,1.0,0.9459122287662163
180.0,8,1,on-off,0.9132149901380671,1.0,0.856,1.0,0.9433177740762011
180.0,9,1,constant,0.023684210526315815,0.7157894736842105,0.676,0.05263157894736842,0.4158981267358538
180.0,10,0,benign,0.9240631163708086,1.0,0.856,1.0,0.9459122287662163
180.0,11,0,benign,0.9132149901380671,1.0,0.856,1.0,0.9433177740762011
180.0,12,0,benign,0.9349112426035503,1.0,0.856,1.0,0.9485066834562309
180.0,13,0,benign,0.9240631163708086,1.0,0.856,1.0,0.9459122287662163
180.0,14,0,benign,0.9132149901380671,1.0,0.856,1.0,0.9433177740762011
190.0,0,1,constant,0.1656952662721894,0.715,0.658,1.0,0.664081909181712
190.0,1,0,benign,0.9240631163708086,1.0,0.848,1.0,0.945448796818454
190.0,2,0,benign,0.9132149901380671,1.0,0.848,1.0,0.9428355298295316
190.0,3,1,constant,0.03551775147928997,0.715,0.658,0.05,0.4103103468448239
190.0,4,0,benign,0.9240631163708086,1.0,0.848,1.0,0.945448796818454
190.0,5,1,on-off,0.9132149901380671,1.0,0.848,1.0,0.9428355298295316
190.0,6,0,benign,0.9349112426035503,1.0,0.848,1.0,0.948062063807376
190.0,7,0,benign,0.9240631163708086,1.0,0.848,1.0,0.945448796818454
190.0,8,1,on-off,0.9132149901380671,1.0,0.848,1.0,0.9428355298295316
190.0,9,1,constant,0.02250000000000002,0.715,0.658,0.05,0.40717442645811724
190.0,10,0,benign,0.9240631163708086,1.0,0.848,1.0,0.945448796818454
190.0,11,0,benign,0.9132149901380671,1.0,0.848,1.0,0.9428355298295316
190.0,12,0,benign,0.9349112426035503,1.0,0.848,1.0,0.948062063807376
190.0,13,0,benign,0.9240631163708086,1.0,0.848,1.0,0.945448796818454
190.0,14,0,benign,0.9132149901380671,1.0,0.848,1.0,0.9428355298295316
200.0,0,1,constant,0.16462383770076075,0.7142857142857143,0.64,1.0,0.658585185792097
200.0,1,0,benign,0.9240631163708086,1.0,0.84,1.0,0.9447395139823336
200.0,2,0,benign,0.9132149901380671,1.0,0.84,1.0,0.9421104446623292
200.0,3,1,constant,0.03444632290786134,0.7142857142857143,0.64,0.047619047619047616,0.40211473474215703
200.0,4,0,benign,0.9240631163708086,1.0,0.84,1.0,0.9447395139823336
200.0,5,1,on-off,0.9132149901380671,1.0,0.84,1.0,0.9421104446623292
200.0,6,0,benign,0.9349112426035503,1.0,0.84,1.0,0.9473685833023379
200.0,7,0,benign,0.9240631163708086,1.0,0.84,1.0,0.9447395139823336
200.0,8,1,on-off,0.9132149901380671,1.0,0.84,1.0,0.9421104446623292
200.0,9,1,constant,0.021428571428571453,0.7142857142857143,0.64,0.047619047619047616,0.39895985155815183
200.0,10,0,benign,0.9240631163708086,1.0,0.84,1.0,0.9447395139823336
200.0,11,0,benign,0.9132149901380671,1.0,0.84,1.0,0.9421104446623292
200.0,12,0,benign,0.9349112426035503,1.0,0.84,1.0,0.9473685833023379
200.0,13,0,benign,0.9240631163708086,1.0,0.84,1.0,0.9447395139823336
200.0,14,0,benign,0.9132149901380671,1.0,0.84,1.0,0.9421104446623292
210.0,0,1,constant,0.16364981172673473,0.7136363636363636,0.622,1.0,0.6531830030798854
210.0,1,0,benign,0.9240631163708086,1.0,0.832,1.0,0.9438237163999925
210.0,2,0,benign,0.9132149901380671,1.0,0.832,1.0,0.9411813731218792
210.0,3,1,constant,0.033472296933835265,0.7136363636363636,0.622,0.045454545454545456,0.39435890542440166
210.0,4,0,benign,0.9240631163708086,1.0,0.832,1.0,0.9438237163999925
210.0,5,1,on-off,0.9132149901380671,1.0,0.832,1.0,0.9411813731218792
210.0,6,0,benign,0.9349112426035503,1.0,0.832,1.0,0.9464660596781058
210.0,7,0,benign,0.9240631163708086,1.0,0.832,1.0,0.9438237163999925
210.0,8,1,on-off,0.9132149901380671,1.0,0.832,1.0,0.9411813731218792
210.0,9,1,constant,0.020454545454545437,0.7136363636363636,0.622,0.045454545454545456,0.39118809349066574
210.0,10,0,benign,0.9240631163708086,1.0,0.832,1.0,0.9438237163999925
210.0,11,0,benign,0.9132149901380671,1.0,0.832,1.0,0.9411813731218792
210.0,12,0,benign,0.9349112426035503,1.0,0.832,1.0,0.9464660596781058
210.0,13,0,benign,0.9240631163708086,1.0,0.832,1.0,0.9438237163999925
210.0,14,0,benign,0.9132149901380671,1.0,0.832,1.0,0.9411813731218792
220.0,0,1,constant,0.16276048366349372,0.7130434782608696,0.604,1.0,0.6478658810640783
220.0,1,0,benign,0.9240631163708086,1.0,0.824,1.0,0.942734446430826
220.0,2,0,benign,0.9132149901380671,1.0,0.824,1.0,0.9400809530279013
220.0,3,1,constant,0.032582968870594226,0.7130434782608696,0.604,0.043478260869565216,0.38698566887653857
220.0,4,0,benign,0.9240631163708086,1.0,0.824,1.0,0.942734446430826
220.0,5,1,on-off,0.9132149901380671,1.0,0.824,1.0,0.9400809530279013
220.0,6,0,benign,0.9349112426035503,1.0,0.824,1.0,0.9453879398337508
220.0,7,0,benign,0.9240631163708086,1.0,0.824,1.0,0.942734446430826
220.0,8,1,on-off,0.9132149901380671,1.0,0.824,1.0,0.9400809530279013
220.0,9,1,constant,0.019565217391304335,0.7130434782608696,0.604,0.043478260869565216,0.3838014767930288
220.0,10,0,benign,0.9240631163708086,1.0,0.824,1.0,0.942734446430826
220.0,11,0,benign,0.9132149901380671,1.0,0.824,1.0,0.9400809530279013
220.0,12,0,benign,0.9349112426035503,1.0,0.824,1.0,0.9453879398337508
220.0,13,0,benign,0.9240631163708086,1.0,0.824,1.0,0.942734446430826
220.0,14,0,benign,0.9132149901380671,1.0,0.824,1.0,0.9400809530279013
230.0,0,1,constant,0.16194526627218928,0.7124999999999999,0.586,1.0,0.6426251507447134
230.0,1,0,benign,0.9240631163708086,1.0,0.816,1.0,0.9414994596567262
230.0,2,0,benign,0.9132149901380671,1.0,0.816,1.0,0.9388366001489596
230.0,3,1,constant,0.03176775147928987,0.7124999999999999,0.586,0.041666666666666664,0.37994533858213064
230.0,4,0,benign,0.9240631163708086,1.0,0.816,1.0,0.9414994596567262
230.0,5,1,on-off,0.9132149901380671,1.0,0.816,1.0,0.9388366001489596
230.0,6,0,benign,0.9349112426035503,1.0,0.816,1.0,0.9441623191644928
230.0,7,0,benign,0.9240631163708086,1.0,0.816,1.0,0.9414994596567262
230.0,8,1,on-off,0.9132149901380671,1.0,0.816,1.0,0.9388366001489596
230.0,9,1,constant,0.018749999999999985,0.7124999999999999,0.586,0.041666666666666664,0.3767499071728108
230.0,10,0,benign,0.9240631163708086,1.0,0.816,1.0,0.9414994596567262
230.0,11,0,benign,0.9132149901380671,1.0,0.816,1.0,0.9388366001489596
230.0,12,0,benign,0.9349112426035503,1.0,0.816,1.0,0.9441623191644928
230.0,13,0,benign,0.9240631163708086,1.0,0.816,1.0,0.9414994596567262
230.0,14,0,benign,0.9132149901380671,1.0,0.816,1.0,0.9388366001489596
240.0,0,1,constant,0.16119526627218939,0.712,0.568,1.0,0.6374529372764468
240.0,1,0,benign,0.9240631163708086,1.0,0.808,1.0,0.9401420707664824
240.0,2,0,benign,0.9132149901380671,1.0,0.808,1.0,0.9374713437306488
240.0,3,1,constant,0.031017751479289965,0.712,0.568,0.04,0.37319479446816134
240.0,4,0,benign,0.9240631163708086,1.0,0.808,1.0,0.9401420707664824
240.0,5,1,on-off,0.9132149901380671,1.0,0.808,1.0,0.9374713437306488
240.0,6,0,benign,0.9349112426035503,1.0,0.808,1.0,0.9428127978023159
240.0,7,0,benign,0.9240631163708086,1.0,0.808,1.0,0.9401420707664824
240.0,8,1,on-off,0.9132149901380671,1.0,0.808,1.0,0.9374713437306488
240.0,9,1,constant,0.018000000000000016,0.712,0.568,0.04,0.36998992202516107
240.0,10,0,benign,0.9240631163708086,1.0,0.808,1.0,0.9401420707664824
240.0,11,0,benign,0.9132149901380671,1.0,0.808,1.0,0.9374713437306488
240.0,12,0,benign,0.9349112426035503,1.0,0.808,1.0,0.9428127978023159
240.0,13,0,benign,0.9240631163708086,1.0,0.808,1.0,0.9401420707664824
240.0,14,0,benign,0.9132149901380671,1.0,0.808,1.0,0.9374713437306488
250.0,0,1,constant,0.1605029585798816,0.7115384615384615,0.55,1.0,0.632342124116949
250.0,1,0,benign,0.9240631163708086,1.0,0.8,1.0,0.9386818640986776
250.0,2,0,benign,0.9132149901380671,1.0,0.8,1.0,0.9360045283392677
250.0,3,1,constant,0.030325443786982185,0.7115384615384615,0.55,0.038461538461538464,0.3666966451047348
250.0,4,0,benign,0.9240631163708086,1.0,0.8,1.0,0.9386818640986776
250.0,5,1,on-off,0.9132149901380671,1.0,0.8,1.0,0.9360045283392677
250.0,6,0,benign,0.9349112426035503,1.0,0.8,1.0,0.9413591998580872
250.0,7,0,benign,0.9240631163708086,1.0,0.8,1.0,0.9386818640986776
250.0,8,1,on-off,0.9132149901380671,1.0,0.8,1.0,0.9360045283392677
250.0,9,1,constant,0.017307692307692298,0.7115384615384615,0.55,0.038461538461538464,0.363483842193443
250.0,10,0,benign,0.9240631163708086,1.0,0.8,1.0,0.9386818640986776
250.0,11,0,benign,0.9132149901380671,1.0,0.8,1.0,0.9360045283392677
250.0,12,0,benign,0.9349112426035503,1.0,0.8,1.0,0.9413591998580872
250.0,13,0,benign,0.9240631163708086,1.0,0.8,1.0,0.9386818640986776
250.0,14,0,benign,0.9132149901380671,1.0,0.8,1.0,0.9360045283392677
260.0,0,1,constant,0.15986193293885606,0.711111111111111,0.532,1.0,0.6272863060202358
260.0,1,0,benign,0.9240631163708086,1.0,0.792,1.0,0.9371352904977216
260.0,2,0,benign,0.9132149901380671,1.0,0.792,1.0,0.9344524034105075
260.0,3,1,constant,0.02968441814595664,0.711111111111111,0.532,0.037037037037037035,0.36041848453974146
260.0,4,0,benign,0.9240631163708086,1.0,0.792,1.0,0.9371352904977216
260.0,5,1,on-off,0.9132149901380671,1.0,0.792,1.0,0.9344524034105075
260.0,6,0,benign,0.9349112426035503,1.0,0.792,1.0,0.9398181775849352
260.0,7,0,benign,0.9240631163708086,1.0,0.792,1.0,0.9371352904977216
260.0,8,1,on-off,0.9132149901380671,1.0,0.792,1.0,0.9344524034105075
260.0,9,1,constant,0.01666666666666669,0.711111111111111,0.532,0.037037037037037035,0.3571990200350847
260.0,10,0,benign,0.9240631163708086,1.0,0.792,1.0,0.9371352904977216
260.0,11,0,benign,0.9132149901380671,1.0,0.792,1.0,0.9344524034105075
260.0,12,0,benign,0.9349112426035503,1.0,0.792,1.0,0.9398181775849352
260.0,13,0,benign,0.9240631163708086,1.0,0.792,1.0,0.9371352904977216
260.0,14,0,benign,0.9132149901380671,1.0,0.792,1.0,0.9344524034105075
270.0,0,1,constant,0.15926669484361786,0.7107142857142856,0.514,1.0,0.6222797362793142
270.0,1,0,benign,0.9240631163708086,1.0,0.784,1.0,0.9355161686729185
270.0,2,0,benign,0.9132149901380671,1.0,0.784,1.0,0.9328286184703489
270.0,3,1,constant,0.029089180050718453,0.7107142857142856,0.514,0.03571428571428571,0.3543322370725544
270.0,4,0,benign,0.9240631163708086,1.0,0.784,1.0,0.9355161686729185
270.0,5,1,on-off,0.9132149901380671,1.0,0.784,1.0,0.9328286184703489
270.0,6,0,benign,0.9349112426035503,1.0,0.784,1.0,0.9382037188754876
270.0,7,0,benign,0.9240631163708086,1.0,0.784,1.0,0.9355161686729185
270.0,8,1,on-off,0.9132149901380671,1.0,0.784,1.0,0.9328286184703489
270.0,9,1,constant,0.016071428571428566,0.7107142857142856,0.514,0.03571428571428571,0.3511071768294711
270.0,10,0,benign,0.9240631163708086,1.0,0.784,1.0,0.9355161686729185
270.0,11,0,benign,0.9132149901380671,1.0,0.784,1.0,0.9328286184703489
270.0,12,0,benign,0.9349112426035503,1.0,0.784,1.0,0.9382037188754876
270.0,13,0,benign,0.9240631163708086,1.0,0.784,1.0,0.9355161686729185
270.0,14,0,benign,0.9132149901380671,1.0,0.784,1.0,0.9328286184703489
280.0,0,1,constant,0.1587125076514996,0.7103448275862069,0.496,1.0,0.6173172718841322
280.0,1,0,benign,0.9240631163708086,1.0,0.776,1.0,0.933836106340084
280.0,2,0,benign,0.9132149901380671,1.0,0.776,1.0,0.9311446391206157
280.0,3,1,constant,0.028534992858600214,0.7103448275862069,0.496,0.034482758620689655,0.34841358230356556
280.0,4,0,benign,0.9240631163708086,1.0,0.776,1.0,0.933836106340084
280.0,5,1,on-off,0.9132149901380671,1.0,0.776,1.0,0.9311446391206157
280.0,6,0,benign,0.9349112426035503,1.0,0.776,1.0,0.9365275735595516
280.0,7,0,benign,0.9240631163708086,1.0,0.776,1.0,0.933836106340084
280.0,8,1,on-off,0.9132149901380671,1.0,0.776,1.0,0.9311446391206157
280.0,9,1,constant,0.015517241379310326,0.7103448275862069,0.496,0.034482758620689655,0.345183821640204
280.0,10,0,benign,0.9240631163708086,1.0,0.776,1.0,0.933836106340084
280.0,11,0,benign,0.9132149901380671,1.0,0.776,1.0,0.9311446391206157
280.0,12,0,benign,0.9349112426035503,1.0,0.776,1.0,0.9365275735595516
280.0,13,0,benign,0.9240631163708086,1.0,0.776,1.0,0.933836106340084
280.0,14,0,benign,0.9132149901380671,1.0,0.776,1.0,0.9311446391206157
290.0,0,1,constant,0.15819526627218936,0.71,0.478,1.0,0.6123943190335586
290.0,1,0,benign,0.9240631163708086,1.0,0.768,1.0,0.9321048539805028
290.0,2,0,benign,0.9132149901380671,1.0,0.768,1.0,0.9294100964668399
290.0,3,1,constant,0.028017751479289886,0.71,0.478,0.03333333333333333,0.3426414525275
290.0,4,0,benign,0.9240631163708086,1.0,0.768,1.0,0.9321048539805028
290.0,5,1,on-off,0.9132149901380671,1.0,0.768,1.0,0.9294100964668399
290.0,6,0,benign,0.9349112426035504,1.0,0.768,1.0,0.9347996114941654
290.0,7,0,benign,0.9240631163708086,1.0,0.768,1.0,0.9321048539805028
290.0,8,1,on-off,0.9132149901380671,1.0,0.768,1.0,0.9294100964668399
290.0,9,1,constant,0.014999999999999998,0.71,0.478,0.03333333333333333,0.3394077435111047
290.0,10,0,benign,0.9240631163708086,1.0,0.768,1.0,0.9321048539805028
290.0,11,0,benign,0.9132149901380671,1.0,0.768,1.0,0.9294100964668399
290.0,12,0,benign,0.9349112426035504,1.0,0.768,1.0,0.9347996114941654
290.0,13,0,benign,0.9240631163708086,1.0,0.768,1.0,0.9321048539805028
290.0,14,0,benign,0.9132149901380671,1.0,0.768,1.0,0.9294100964668399
300.0,0,1,constant,0.15771139530444742,0.7096774193548386,0.46,1.0,0.6075067805745606
300.0,1,0,benign,0.9240631163708086,1.0,0.76,1.0,0.9303306019984546
300.0,2,0,benign,0.9132149901380671,1.0,0.76,1.0,0.9276330806376683
300.0,3,1,constant,0.027533880511548,0.7096774193548386,0.46,0.03225806451612903,0.3369975946984006
300.0,4,0,benign,0.9240631163708086,1.0,0.76,1.0,0.9303306019984546
300.0,5,1,on-off,0.9132149901380671,1.0,0.76,1.0,0.9276330806376683
300.0,6,0,benign,0.9349112426035503,1.0,0.76,1.0,0.9330281233592408
300.0,7,0,benign,0.9240631163708086,1.0,0.76,1.0,0.9303306019984546
300.0,8,1,on-off,0.9132149901380671,1.0,0.76,1.0,0.9276330806376683
300.0,9,1,constant,0.014516129032258051,0.7096774193548386,0.46,0.03225806451612903,0.333760569065457
300.0,10,0,benign,0.9240631163708086,1.0,0.76,1.0,0.9303306019984546
300.0,11,0,benign,0.9132149901380671,1.0,0.76,1.0,0.9276330806376683
300.0,12,0,benign,0.9349112426035503,1.0,0.76,1.0,0.9330281233592408
300.0,13,0,benign,0.9240631163708086,1.0,0.76,1.0,0.9303306019984546
300.0,14,0,benign,0.9132149901380671,1.0,0.76,1.0,0.9276330806376683
310.0,0,1,constant,0.1572577662721893,0.709375,0.442,1.0,0.6026510063335185
310.0,1,0,benign,0.9240631163708086,1.0,0.752,1.0,0.9285202303335343
310.0,2,0,benign,0.9132149901380671,1.0,0.752,1.0,0.925820387341164
310.0,3,1,constant,0.027080251479289948,0.709375,0.442,0.03125,0.33146618960582813
310.0,4,0,benign,0.9240631163708086,1.0,0.752,1.0,0.9285202303335343
310.0,5,1,on-off,0.9132149901380671,1.0,0.752,1.0,0.925820387341164
310.0,6,0,benign,0.9349112426035503,1.0,0.752,1.0,0.9312200733259042
310.0,7,0,benign,0.9240631163708086,1.0,0.752,1.0,0.9285202303335343
310.0,8,1,on-off,0.9132149901380671,1.0,0.752,1.0,0.925820387341164
310.0,9,1,constant,0.0140625,0.709375,0.442,0.03125,0.32822637801498383
310.0,10,0,benign,0.9240631163708086,1.0,0.752,1.0,0.9285202303335343
310.0,11,0,benign,0.9132149901380671,1.0,0.752,1.0,0.925820387341164
310.0,12,0,benign,0.9349112426035503,1.0,0.752,1.0,0.9312200733259042
310.0,13,0,benign,0.9240631163708086,1.0,0.752,1.0,0.9285202303335343
310.0,14,0,benign,0.9132149901380671,1.0,0.752,1.0,0.925820387341164
320.0,0,1,constant,0.1568316299085529,0.709090909090909,0.424,1.0,0.5978237468801341
320.0,1,0,benign,0.9240631163708086,1.0,0.744,1.0,0.9266795181350012
320.0,2,0,benign,0.9132149901380671,1.0,0.744,1.0,0.9239777249721004
320.0,3,1,constant,0.026654115115653514,0.709090909090909,0.424,0.030303030303030304,0.32603352144927933
320.0,4,0,benign,0.9240631163708086,1.0,0.744,1.0,0.9266795181350012
320.0,5,1,on-off,0.9132149901380671,1.0,0.744,1.0,0.9239777249721004
320.0,6,0,benign,0.9349112426035503,1.0,0.744,1.0,0.9293813112979015
320.0,7,0,benign,0.9240631163708086,1.0,0.744,1.0,0.9266795181350012
320.0,8,1,on-off,0.9132149901380671,1.0,0.744,1.0,0.9239777249721004
320.0,9,1,constant,0.013636363636363625,0.709090909090909,0.424,0.030303030303030304,0.32279136965379857
320.0,10,0,benign,0.9240631163708086,1.0,0.744,1.0,0.9266795181350012
320.0,11,0,benign,0.9132149901380671,1.0,0.744,1.0,0.9239777249721004
320.0,12,0,benign,0.9349112426035503,1.0,0.744,1.0,0.9293813112979015
320.0,13,0,benign,0.9240631163708086,1.0,0.744,1.0,0.9266795181350012
320.0,14,0,benign,0.9132149901380671,1.0,0.744,1.0,0.9239777249721004
330.0,0,1,constant,0.15643056038983635,0.7088235294117646,0.406,1.0,0.5930221109713767
330.0,1,0,benign,0.9240631163708086,1.0,0.736,1.0,0.9248133198882333
330.0,2,0,benign,0.9132149901380671,1.0,0.736,1.0,0.9221098885820871
330.0,3,1,constant,0.026253045596936947,0.7088235294117646,0.406,0.029411764705882353,0.320687691605978
330.0,4,0,benign,0.9240631163708086,1.0,0.736,1.0,0.9248133198882333
330.0,5,1,on-off,0.9132149901380671,1.0,0.736,1.0,0.9221098885820871
330.0,6,0,benign,0.9349112426035503,1.0,0.736,1.0,0.9275167511943792
330.0,7,0,benign,0.9240631163708086,1.0,0.736,1.0,0.9248133198882333
330.0,8,1,on-off,0.9132149901380671,1.0,0.736,1.0,0.9221098885820871
330.0,9,1,constant,0.013235294117647062,0.7088235294117646,0.406,0.029411764705882353,0.31744357403860257
330.0,10,0,benign,0.9240631163708086,1.0,0.736,1.0,0.9248133198882333
330.0,11,0,benign,0.9132149901380671,1.0,0.736,1.0,0.9221098885820871
330.0,12,0,benign,0.9349112426035503,1.0,0.736,1.0,0.9275167511943792
330.0,13,0,benign,0.9240631163708086,1.0,0.736,1.0,0.9248133198882333
330.0,14,0,benign,0.9132149901380671,1.0,0.736,1.0,0.9221098885820871
340.0,0,1,constant,0.15605240912933224,0.7085714285714285,0.388,1.0,0.5882435267239868
340.0,1,0,benign,0.9240631163708086,1.0,0.728,1.0,0.9229257133609484
340.0,2,0,benign,0.9132149901380671,1.0,0.728,1.0,0.9202209060144758
340.0,3,1,constant,0.02587489433643275,0.7085714285714285,0.388,0.02857142857142857,0.3154183710081931
340.0,4,0,benign,0.9240631163708086,1.0,0.728,1.0,0.9229257133609484
340.0,5,1,on-off,0.9132149901380671,1.0,0.728,1.0,0.9202209060144758
340.0,6,0,benign,0.9349112426035504,1.0,0.728,1.0,0.9256305207074205
340.0,7,0,benign,0.9240631163708086,1.0,0.728,1.0,0.9229257133609484
340.0,8,1,on-off,0.9132149901380671,1.0,0.728,1.0,0.9202209060144758
340.0,9,1,constant,0.012857142857142862,0.7085714285714285,0.388,0.02857142857142857,0.31217260219242615
340.0,10,0,benign,0.9240631163708086,1.0,0.728,1.0,0.9229257133609484
340.0,11,0,benign,0.9132149901380671,1.0,0.728,1.0,0.9202209060144758
340.0,12,0,benign,0.9349112426035504,1.0,0.728,1.0,0.9256305207074205
340.0,13,0,benign,0.9240631163708086,1.0,0.728,1.0,0.9229257133609484
340.0,14,0,benign,0.9132149901380671,1.0,0.728,1.0,0.9202209060144758
350.0,0,1,constant,0.15569526627218938,0.7083333333333333,0.37,1.0,0.5834857064323699
350.0,1,0,benign,0.9240631163708086,1.0,0.72,1.0,0.9210201238780289
350.0,2,0,benign,0.9132149901380671,1.0,0.72,1.0,0.9183141606576823
350.0,3,1,constant,0.02551775147928989,0.7083333333333333,0.37,0.027777777777777776,0.31021658615049824
350.0,4,0,benign,0.9240631163708086,1.0,0.72,1.0,0.9210201238780289
350.0,5,1,on-off,0.9132149901380671,1.0,0.72,1.0,0.9183141606576823
350.0,6,0,benign,0.9349112426035503,1.0,0.72,1.0,0.9237260870983752
350.0,7,0,benign,0.9240631163708086,1.0,0.72,1.0,0.9210201238780289
350.0,8,1,on-off,0.9132149901380671,1.0,0.72,1.0,0.9183141606576823
350.0,9,1,constant,0.012500000000000006,0.7083333333333333,0.37,0.027777777777777776,0.30696943028608237
350.0,10,0,benign,0.9240631163708086,1.0,0.72,1.0,0.9210201238780289
350.0,11,0,benign,0.9132149901380671,1.0,0.72,1.0,0.9183141606576823
350.0,12,0,benign,0.9349112426035503,1.0,0.72,1.0,0.9237260870983752
350.0,13,0,benign,0.9240631163708086,1.0,0.72,1.0,0.9210201238780289
350.0,14,0,benign,0.9132149901380671,1.0,0.72,1.0,0.9183141606576823
360.0,0,1,constant,0.15535742843435144,0.7081081081081081,0.352,1.0,0.5787466148648891
360.0,1,0,benign,0.9240631163708086,1.0,0.712,1.0,0.9190994287123766
360.0,2,0,benign,0.9132149901380671,1.0,0.712,1.0,0.9163924945579759
360.0,3,1,constant,0.025179913641452084,0.7081081081081081,0.352,0.02702702702702703,0.305074534317482
360.0,4,0,benign,0.9240631163708086,1.0,0.712,1.0,0.9190994287123766
360.0,5,1,on-off,0.9132149901380671,1.0,0.712,1.0,0.9163924945579759
360.0,6,0,benign,0.9349112426035503,1.0,0.712,1.0,0.9218063628667772
360.0,7,0,benign,0.9240631163708086,1.0,0.712,1.0,0.9190994287123766
360.0,8,1,on-off,0.9132149901380671,1.0,0.712,1.0,0.9163924945579759
360.0,9,1,constant,0.012162162162162139,0.7081081081081081,0.352,0.02702702702702703,0.30182621333220105
360.0,10,0,benign,0.9240631163708086,1.0,0.712,1.0,0.9190994287123766
360.0,11,0,benign,0.9132149901380671,1.0,0.712,1.0,0.9163924945579759
360.0,12,0,benign,0.9349112426035503,1.0,0.712,1.0,0.9218063628667772
360.0,13,0,benign,0.9240631163708086,1.0,0.712,1.0,0.9190994287123766
360.0,14,0,benign,0.9132149901380671,1.0,0.712,1.0,0.9163924945579759
370.0,0,1,constant,0.15503737153534716,0.7078947368421052,0.334,1.0,0.5740244408216049
370.0,1,0,benign,0.9240631163708086,1.0,0.704,1.0,0.9171660447732286
370.0,2,0,benign,0.9132149901380671,1.0,0.704,1.0,0.9144582950342225
370.0,3,1,constant,0.024859856742447707,0.7078947368421052,0.334,0.02631578947368421,0.2999854241490144
370.0,4,0,benign,0.9240631163708086,1.0,0.704,1.0,0.9171660447732286
370.0,5,1,on-off,0.9132149901380671,1.0,0.704,1.0,0.9144582950342225
370.0,6,0,benign,0.9349112426035503,1.0,0.704,1.0,0.9198737945122348
370.0,7,0,benign,0.9240631163708086,1.0,0.704,1.0,0.9171660447732286
370.0,8,1,on-off,0.9132149901380671,1.0,0.704,1.0,0.9144582950342225
370.0,9,1,constant,0.011842105263157881,0.7078947368421052,0.334,0.02631578947368421,0.29673612446220676
370.0,10,0,benign,0.9240631163708086,1.0,0.704,1.0,0.9171660447732286
370.0,11,0,benign,0.9132149901380671,1.0,0.704,1.0,0.9144582950342225
370.0,12,0,benign,0.9349112426035503,1.0,0.704,1.0,0.9198737945122348
370.0,13,0,benign,0.9240631163708086,1.0,0.704,1.0,0.9171660447732286
370.0,14,0,benign,0.9132149901380671,1.0,0.704,1.0,0.9144582950342225
380.0,0,1,constant,0.15473372781065092,0.7076923076923076,0.316,1.0,0.5693175717102664
380.0,1,0,benign,0.9240631163708086,1.0,0.696,1.0,0.9152220022643444
380.0,2,0,benign,0.9132149901380671,1.0,0.696,1.0,0.9125135674342696
380.0,3,1,constant,0.024556213017751495,0.7076923076923076,0.316,0.02564102564102564,0.2949433381392155
380.0,4,0,benign,0.9240631163708086,1.0,0.696,1.0,0.9152220022643444
380.0,5,1,on-off,0.9132149901380671,1.0,0.696,1.0,0.9125135674342696
380.0,6,0,benign,0.9349112426035503,1.0,0.696,1.0,0.9179304370944192
380.0,7,0,benign,0.9240631163708086,1.0,0.696,1.0,0.9152220022643444
380.0,8,1,on-off,0.9132149901380671,1.0,0.696,1.0,0.9125135674342696
380.0,9,1,constant,0.011538461538461548,0.7076923076923076,0.316,0.02564102564102564,0.2916932163431255
380.0,10,0,benign,0.9240631163708086,1.0,0.696,1.0,0.9152220022643444
380.0,11,0,benign,0.9132149901380671,1.0,0.696,1.0,0.9125135674342696
380.0,12,0,benign,0.9349112426035503,1.0,0.696,1.0,0.9179304370944192
380.0,13,0,benign,0.9240631163708086,1.0,0.696,1.0,0.9152220022643444
380.0,14,0,benign,0.9132149901380671,1.0,0.696,1.0,0.9125135674342696
390.0,0,1,constant,0.15444526627218938,0.7075,0.298,1.0,0.5646245708875114
390.0,1,0,benign,0.9240631163708086,1.0,0.688,1.0,0.9132690065568816
390.0,2,0,benign,0.9132149901380671,1.0,0.688,1.0,0.9105599962503091
390.0,3,1,constant,0.024267751479289897,0.7075,0.298,0.025,0.2899431140961126
390.0,4,0,benign,0.9240631163708086,1.0,0.688,1.0,0.9132690065568816
390.0,5,1,on-off,0.9132149901380671,1.0,0.688,1.0,0.9105599962503091
390.0,6,0,benign,0.9349112426035504,1.0,0.688,1.0,0.9159780168634543
390.0,7,0,benign,0.9240631163708086,1.0,0.688,1.0,0.9132690065568816
390.0,8,1,on-off,0.9132149901380671,1.0,0.688,1.0,0.9105599962503091
390.0,9,1,constant,0.01125000000000001,0.7075,0.298,0.025,0.2866923017282254
390.0,10,0,benign,0.9240631163708086,1.0,0.688,1.0,0.9132690065568816
390.0,11,0,benign,0.9132149901380671,1.0,0.688,1.0,0.9105599962503091
390.0,12,0,benign,0.9349112426035504,1.0,0.688,1.0,0.9159780168634543
390.0,13,0,benign,0.9240631163708086,1.0,0.688,1.0,0.9132690065568816
390.0,14,0,benign,0.9132149901380671,1.0,0.688,1.0,0.9105599962503091
400.0,0,1,constant,0.15417087602828686,0.7073170731707317,0.28,1.0,0.5599441575134703
400.0,1,0,benign,0.9240631163708086,1.0,0.68,1.0,0.9113084901626128
400.0,2,0,benign,0.9132149901380671,1.0,0.68,1.0,0.9085989964557825
400.0,3,1,constant,0.023993361235387457,0.7073170731707317,0.28,0.024390243902439025,0.2849802429730769
400.0,4,0,benign,0.9240631163708086,1.0,0.68,1.0,0.9113084901626128
400.0,5,1,on-off,0.9132149901380671,1.0,0.68,1.0,0.9085989964557825
400.0,6,0,benign,0.9349112426035503,1.0,0.68,1.0,0.9140179838694436
400.0,7,0,benign,0.9240631163708086,1.0,0.68,1.0,0.9113084901626128
400.0,8,1,on-off,0.9132149901380671,1.0,0.68,1.0,0.9085989964557825
400.0,9,1,constant,0.01097560975609757,0.7073170731707317,0.28,0.024390243902439025,0.28172885052488006
400.0,10,0,benign,0.9240631163708086,1.0,0.68,1.0,0.9113084901626128
400.0,11,0,benign,0.9132149901380671,1.0,0.68,1.0,0.9085989964557825
400.0,12,0,benign,0.9349112426035503,1.0,0.68,1.0,0.9140179838694436
400.0,13,0,benign,0.9240631163708086,1.0,0.68,1.0,0.9113084901626128
400.0,14,0,benign,0.9132149901380671,1.0,0.68,1.0,0.9085989964557825
410.0,0,1,constant,0.15390955198647502,0.7071428571428571,0.262,1.0,0.5552751886764883
410.0,1,0,benign,0.9240631163708086,1.0,0.672,1.0,0.9093416563914272
410.0,2,0,benign,0.9132149901380671,1.0,0.672,1.0,0.9066317566283799
410.0,3,1,constant,0.02373203719357561,0.7071428571428571,0.262,0.023809523809523808,0.2800507808232228
410.0,4,0,benign,0.9240631163708086,1.0,0.672,1.0,0.9093416563914272
410.0,5,1,on-off,0.9132149901380671,1.0,0.672,1.0,0.9066317566283799
410.0,6,0,benign,0.9349112426035503,1.0,0.672,1.0,0.9120515561544746
410.0,7,0,benign,0.9240631163708086,1.0,0.672,1.0,0.9093416563914272
410.0,8,1,on-off,0.9132149901380671,1.0,0.672,1.0,0.9066317566283799
410.0,9,1,constant,0.010714285714285727,0.7071428571428571,0.262,0.023809523809523808,0.2767989011075659
410.0,10,0,benign,0.9240631163708086,1.0,0.672,1.0,0.9093416563914272
410.0,11,0,benign,0.9132149901380671,1.0,0.672,1.0,0.9066317566283799
410.0,12,0,benign,0.9349112426035503,1.0,0.672,1.0,0.9120515561544746
410.0,13,0,benign,0.9240631163708086,1.0,0.672,1.0,0.9093416563914272
410.0,14,0,benign,0.9132149901380671,1.0,0.672,1.0,0.9066317566283799
420.0,0,1,constant,0.15366038255125908,0.7069767441860465,0.244,1.0,0.5506166435577423
420.0,1,0,benign,0.9240631163708086,1.0,0.664,1.0,0.9073695160236311
420.0,2,0,benign,0.9132149901380671,1.0,0.664,1.0,0.9046592751733618
420.0,3,1,constant,0.023482867758359612,0.7069767441860465,0.244,0.023255813953488372,0.275151272927423
420.0,4,0,benign,0.9240631163708086,1.0,0.664,1.0,0.9073695160236311
420.0,5,1,on-off,0.9132149901380671,1.0,0.664,1.0,0.9046592751733618
420.0,6,0,benign,0.9349112426035503,1.0,0.664,1.0,0.9100797568739006
420.0,7,0,benign,0.9240631163708086,1.0,0.664,1.0,0.9073695160236311
420.0,8,1,on-off,0.9132149901380671,1.0,0.664,1.0,0.9046592751733618
420.0,9,1,constant,0.010465116279069786,0.7069767441860465,0.244,0.023255813953488372,0.27189898390709955
420.0,10,0,benign,0.9240631163708086,1.0,0.664,1.0,0.9073695160236311
420.0,11,0,benign,0.9132149901380671,1.0,0.664,1.0,0.9046592751733618
420.0,12,0,benign,0.9349112426035503,1.0,0.664,1.0,0.9100797568739006
420.0,13,0,benign,0.9240631163708086,1.0,0.664,1.0,0.9073695160236311
420.0,14,0,benign,0.9132149901380671,1.0,0.664,1.0,0.9046592751733618
430.0,0,1,constant,0.1534225389994621,0.7068181818181818,0.226,1.0,0.5459676094212093
430.0,1,0,benign,0.9240631163708086,1.0,0.656,1.0,0.9053929181146826
430.0,2,0,benign,0.9132149901380671,1.0,0.656,1.0,0.9026823907511465
430.0,3,1,constant,0.023245024206562666,0.7068181818181818,0.226,0.022727272727272728,0.27027868840911595
430.0,4,0,benign,0.9240631163708086,1.0,0.656,1.0,0.9053929181146826
430.0,5,1,on-off,0.9132149901380671,1.0,0.656,1.0,0.9026823907511465
430.0,6,0,benign,0.9349112426035503,1.0,0.656,1.0,0.9081034454782185
430.0,7,0,benign,0.9240631163708086,1.0,0.656,1.0,0.9053929181146826
430.0,8,1,on-off,0.9132149901380671,1.0,0.656,1.0,0.9026823907511465
430.0,9,1,constant,0.010227272727272719,0.7068181818181818,0.226,0.022727272727272728,0.2670260555728727
430.0,10,0,benign,0.9240631163708086,1.0,0.656,1.0,0.9053929181146826
430.0,11,0,benign,0.9132149901380671,1.0,0.656,1.0,0.9026823907511465
430.0,12,0,benign,0.9349112426035503,1.0,0.656,1.0,0.9081034454782185
430.0,13,0,benign,0.9240631163708086,1.0,0.656,1.0,0.9053929181146826
430.0,14,0,benign,0.9132149901380671,1.0,0.656,1.0,0.9026823907511465
440.0,0,1,constant,0.15319526627218938,0.7066666666666667,0.208,1.0,0.54132726923137
440.0,1,0,benign,0.9240631163708086,1.0,0.648,1.0,0.9034125758711657
440.0,2,0,benign,0.9132149901380671,1.0,0.648,1.0,0.9007018078364858
440.0,3,1,constant,0.023017751479289902,0.7066666666666667,0.208,0.022222222222222223,0.26543036387838453
440.0,4,0,benign,0.9240631163708086,1.0,0.648,1.0,0.9034125758711657
440.0,5,1,on-off,0.9132149901380671,1.0,0.648,1.0,0.9007018078364858
440.0,6,0,benign,0.9349112426035503,1.0,0.648,1.0,0.9061233439058456
440.0,7,0,benign,0.9240631163708086,1.0,0.648,1.0,0.9034125758711657
440.0,8,1,on-off,0.9132149901380671,1.0,0.648,1.0,0.9007018078364858
440.0,9,1,constant,0.010000000000000014,0.7066666666666667,0.208,0.022222222222222223,0.2621774422367686
440.0,10,0,benign,0.9240631163708086,1.0,0.648,1.0,0.9034125758711657
440.0,11,0,benign,0.9132149901380671,1.0,0.648,1.0,0.9007018078364858
440.0,12,0,benign,0.9349112426035503,1.0,0.648,1.0,0.9061233439058456
440.0,13,0,benign,0.9240631163708086,1.0,0.648,1.0,0.9034125758711657
440.0,14,0,benign,0.9132149901380671,1.0,0.648,1.0,0.9007018078364858
450.0,0,1,constant,0.15297787496784146,0.7065217391304347,0.19,1.0,0.5366948907182818
450.0,1,0,benign,0.9240631163708086,1.0,0.64,1.0,0.9014290883866116
450.0,2,0,benign,0.9132149901380671,1.0,0.64,1.0,0.8987181181881707
450.0,3,1,constant,0.022800360174942053,0.7065217391304347,0.19,0.021739130434782608,0.26060395484744936
450.0,4,0,benign,0.9240631163708086,1.0,0.64,1.0,0.9014290883866116
450.0,5,1,on-off,0.9132149901380671,1.0,0.64,1.0,0.8987181181881707
450.0,6,0,benign,0.9349112426035503,1.0,0.64,1.0,0.9041400585850523
450.0,7,0,benign,0.9240631163708086,1.0,0.64,1.0,0.9014290883866116
450.0,8,1,on-off,0.9132149901380671,1.0,0.64,1.0,0.8987181181881707
450.0,9,1,constant,0.009782608695652168,0.7065217391304347,0.19,0.021739130434782608,0.25735079060932037
450.0,10,0,benign,0.9240631163708086,1.0,0.64,1.0,0.9014290883866116
450.0,11,0,benign,0.9132149901380671,1.0,0.64,1.0,0.8987181181881707
450.0,12,0,benign,0.9349112426035503,1.0,0.64,1.0,0.9041400585850523
450.0,13,0,benign,0.9240631163708086,1.0,0.64,1.0,0.9014290883866116
450.0,14,0,benign,0.9132149901380671,1.0,0.64,1.0,0.8987181181881707
460.0,0,1,constant,0.15276973435729568,0.7063829787234042,0.172,1.0,0.5320698167265847
460.0,1,0,benign,0.9240631163708086,1.0,0.632,1.0,0.899442958899586
460.0,2,0,benign,0.9132149901380671,1.0,0.632,1.0,0.8967318188835861
460.0,3,1,constant,0.022592219564396283,0.7063829787234042,0.172,0.02127659574468085,0.2557973938331567
460.0,4,0,benign,0.9240631163708086,1.0,0.632,1.0,0.899442958899586
460.0,5,1,on-off,0.9132149901380671,1.0,0.632,1.0,0.8967318188835861
460.0,6,0,benign,0.9349112426035503,1.0,0.632,1.0,0.902154098915586
460.0,7,0,benign,0.9240631163708086,1.0,0.632,1.0,0.899442958899586
460.0,8,1,on-off,0.9132149901380671,1.0,0.632,1.0,0.8967318188835861
460.0,9,1,constant,0.009574468085106397,0.7063829787234042,0.172,0.02127659574468085,0.25254402581395674
460.0,10,0,benign,0.9240631163708086,1.0,0.632,1.0,0.899442958899586
460.0,11,0,benign,0.9132149901380671,1.0,0.632,1.0,0.8967318188835861
460.0,12,0,benign,0.9349112426035503,1.0,0.632,1.0,0.902154098915586
460.0,13,0,benign,0.9240631163708086,1.0,0.632,1.0,0.899442958899586
460.0,14,0,benign,0.9132149901380671,1.0,0.632,1.0,0.8967318188835861
470.0,0,1,constant,0.1525702662721894,0.7062499999999999,0.154,1.0,0.5274514567012187
470.0,1,0,benign,0.9240631163708086,1.0,0.624,1.0,0.8974546101304846
470.0,2,0,benign,0.9132149901380671,1.0,0.624,1.0,0.894743327467735
470.0,3,1,constant,0.022392751479289902,0.7062499999999999,0.154,0.020833333333333332,0.2510088542123566
470.0,4,0,benign,0.9240631163708086,1.0,0.624,1.0,0.8974546101304846
470.0,5,1,on-off,0.9132149901380671,1.0,0.624,1.0,0.894743327467735
470.0,6,0,benign,0.9349112426035503,1.0,0.624,1.0,0.9001658927932342
470.0,7,0,benign,0.9240631163708086,1.0,0.624,1.0,0.8974546101304846
470.0,8,1,on-off,0.9132149901380671,1.0,0.624,1.0,0.894743327467735
470.0,9,1,constant,0.009375000000000017,0.7062499999999999,0.154,0.020833333333333332,0.247755315017057
470.0,10,0,benign,0.9240631163708086,1.0,0.624,1.0,0.8974546101304846
470.0,11,0,benign,0.9132149901380671,1.0,0.624,1.0,0.894743327467735
470.0,12,0,benign,0.9349112426035503,1.0,0.624,1.0,0.9001658927932342
470.0,13,0,benign,0.9240631163708086,1.0,0.624,1.0,0.8974546101304846
470.0,14,0,benign,0.9132149901380671,1.0,0.624,1.0,0.894743327467735
480.0,0,1,constant,0.15237893974157712,0.7061224489795918,0.136,1.0,0.5228392791778705
480.0,1,0,benign,0.9240631163708086,1.0,0.616,1.0,0.8954643971644394
480.0,2,0,benign,0.9132149901380671,1.0,0.616,1.0,0.8927529946784201
480.0,3,1,constant,0.022201424948677714,0.7061224489795918,0.136,0.02040816326530612,0.24623671902612254
480.0,4,0,benign,0.9240631163708086,1.0,0.616,1.0,0.8954643971644394
480.0,5,1,on-off,0.9132149901380671,1.0,0.616,1.0,0.8927529946784201
480.0,6,0,benign,0.9349112426035503,1.0,0.616,1.0,0.8981757996504587
480.0,7,0,benign,0.9240631163708086,1.0,0.616,1.0,0.8954643971644394
480.0,8,1,on-off,0.9132149901380671,1.0,0.616,1.0,0.8927529946784201
480.0,9,1,constant,0.009183673469387766,0.7061224489795918,0.136,0.02040816326530612,0.2429830360428993
480.0,10,0,benign,0.9240631163708086,1.0,0.616,1.0,0.8954643971644394
480.0,11,0,benign,0.9132149901380671,1.0,0.616,1.0,0.8927529946784201
480.0,12,0,benign,0.9349112426035503,1.0,0.616,1.0,0.8981757996504587
480.0,13,0,benign,0.9240631163708086,1.0,0.616,1.0,0.8954643971644394
480.0,14,0,benign,0.9132149901380671,1.0,0.616,1.0,0.8927529946784201
490.0,0,1,constant,0.1521952662721893,0.706,0.118,1.0,0.5182328051602988
490.0,1,0,benign,0.9240631163708086,1.0,0.608,1.0,0.8934726182729614
490.0,2,0,benign,0.9132149901380671,1.0,0.608,1.0,0.8907611151353956
490.0,3,1,constant,0.022017751479289895,0.706,0.118,0.02,0.24147955404111454
490.0,4,0,benign,0.9240631163708086,1.0,0.608,1.0,0.8934726182729614
490.0,5,1,on-off,0.9132149901380671,1.0,0.608,1.0,0.8907611151353956
490.0,6,0,benign,0.9349112426035503,1.0,0.608,1.0,0.8961841214105273
490.0,7,0,benign,0.9240631163708086,1.0,0.608,1.0,0.8934726182729614
490.0,8,1,on-off,0.9132149901380671,1.0,0.608,1.0,0.8907611151353956
490.0,9,1,constant,0.009000000000000008,0.706,0.118,0.02,0.23822575027603543
490.0,10,0,benign,0.9240631163708086,1.0,0.608,1.0,0.8934726182729614
490.0,11,0,benign,0.9132149901380671,1.0,0.608,1.0,0.8907611151353956
490.0,12,0,benign,0.9349112426035503,1.0,0.608,1.0,0.8961841214105273
490.0,13,0,benign,0.9240631163708086,1.0,0.608,1.0,0.8934726182729614
490.0,14,0,benign,0.9132149901380671,1.0,0.608,1.0,0.8907611151353956
