variant,accuracy,f_score,tsr
MTIM (full),94.4 ± 5.6,91.8 ± 7.9,90.5 ± 3.7
w/o Cross-factor Checking,92.9 ± 5.9,89.5 ± 8.6,89.5 ± 4.2
w/o Bayesian Aggregation,84.1 ± 6.1,67.7 ± 16.2,81.9 ± 4.1
w/o Temporal Decay,79.5 ± 6.1,52.8 ± 20.5,80.0 ± 3.8
w/o Adaptive Policy,82.3 ± 7.0,64.2 ± 18.2,80.9 ± 4.5
w/o Incentive Mechanism,94.3 ± 5.7,91.7 ± 8.0,81.4 ± 3.7
T1 Only,80.8 ± 11.5,74.9 ± 14.2,82.6 ± 4.5
T2 Only,63.7 ± 11.7,53.3 ± 13.8,76.2 ± 5.1
T3 Only,57.6 ± 12.2,56.0 ± 9.8,75.9 ± 6.1
T4 Only,82.3 ± 10.1,76.5 ± 12.9,83.2 ± 4.3
T5 Only,84.0 ± 9.7,79.2 ± 13.1,82.6 ± 3.9
