row,col,mean,std
T1,T1,1.0,1.1214946133455537e-16
T1,T2,0.2793804280596394,0.09582771404293444
T1,T3,0.10962071247931701,0.07968033565580537
T1,T4,0.40787560386162897,0.10307648040682355
T1,T5,0.6390275811301018,0.07699759641472964
T2,T1,0.2793804280596394,0.09582771404293444
T2,T2,1.0,1.098835820790608e-16
T2,T3,0.1334139844128599,0.08650813637843806
T2,T4,0.2668118187501286,0.09534998517334024
T2,T5,0.5056035073315535,0.070240372827301
T3,T1,0.10962071247931701,0.07968033565580537
T3,T2,0.1334139844128599,0.08650813637843807
T3,T3,1.0,5.49417910395304e-17
T3,T4,0.11054328702734102,0.08749109127243745
T3,T5,0.3390264093300503,0.09232888857641432
T4,T1,0.40787560386162897,0.10307648040682357
T4,T2,0.2668118187501286,0.09534998517334023
T4,T3,0.11054328702734102,0.08749109127243745
T4,T4,1.0,8.087212667148109e-17
T4,T5,0.649024177373596,0.08703586441089299
T5,T1,0.6390275811301018,0.07699759641472964
T5,T2,0.5056035073315535,0.07024037282730099
T5,T3,0.3390264093300503,0.09232888857641432
T5,T4,0.649024177373596,0.08703586441089299
T5,T5,1.0,1.0400313188920129e-16
